Player, POS, Age, Team, G, MP, PER, TS%, 3PAr, FTr, ORB%, DRB%, TRB%, AST%, STL%, BLK%, TOV%, USG%, , OWS, DWS, WS, WS48, , OBPM, DBPM, BPM, VORP
A.J. Hammons,C,24,DAL,22,163,8.4,0.472,0.238,0.476,5.4,21,12.8,3.8,0.3,7.2,16.4,17.6,,-0.2,0.2,0,-0.001,,-7.5,2,-5.6,-0.1
Aaron Brooks,PG,33,MIN,26,157,10.2,0.513,0.412,0.118,3.7,6,4.8,16.1,1.9,0,14.4,17.7,0,0.1,0.1,0.1,0.039,0,-1,-3,-4,-0.1
Aaron Gordon,PF,22,ORL,39,1325,17,0.547,0.39,0.279,5.5,21.8,13.6,10.1,1.3,1.6,10.3,24.1,0,1.2,1.1,2.3,0.082,0,0.5,-0.6,-0.2,0.6
Aaron Gray,C,33,DET,33,335,7.9,0.455,0.017,0.31,13,21.8,17.4,8.2,1.5,1.9,29.1,12.2,,-0.2,0.4,0.1,0.018,,-4.2,1.7,-2.5,0
Abdel Nader,SF,24,BOS,28,267,4.7,0.441,0.5,0.141,3.3,10.8,7.2,9.3,1.1,1.2,18.7,17.1,0,-0.5,0.4,-0.1,-0.018,0,-5.6,0,-5.6,-0.2
Al Horford,C,31,BOS,53,1704,18.6,0.593,0.317,0.147,4.9,21.2,13.2,26,1,3,15.4,18.2,0,3.3,3.1,6.4,0.182,0,1.5,3.5,5,3
Al Jefferson,C,33,IND,28,380,17.9,0.559,0.006,0.143,6.4,25,15.9,9.9,1.6,3.2,9.9,21.4,0,0.5,0.5,1,0.127,0,-2.2,0.5,-1.7,0
Al-Farouq Aminu,PF,27,POR,44,1312,12.1,0.53,0.569,0.122,4.4,22.1,13.4,5.4,1.5,1.8,9.8,14.8,0,0.8,1.8,2.6,0.095,0,-0.8,1.2,0.4,0.8
Alan Williams,C,24,PHO,47,708,19.5,0.547,0.004,0.419,14,31.2,22.4,5.2,1.8,3.7,10.5,20.9,,1.1,0.9,2.1,0.142,,-1.8,0.1,-1.7,0.1
Alec Burks,SG,26,UTA,50,919,14.4,0.53,0.335,0.319,2.1,18.3,10.2,10.4,1.9,0.8,10,23.1,0,0.5,1.1,1.7,0.086,0,-1.8,-0.6,-2.4,-0.1
Alec Peters,PF,22,PHO,9,81,5.8,0.316,0.875,0.125,5.2,19.1,12,11.8,0,2,3.8,13.8,0,-0.1,0,-0.1,-0.04,0,-3.6,-1.7,-5.4,-0.1
Alex Abrines,SG,24,OKC,51,812,9,0.566,0.719,0.176,2.7,9.3,5.9,3.2,1.7,0.6,8.9,13.2,0,0.9,0.8,1.6,0.096,0,-0.8,-1.6,-2.4,-0.1
Alex Caruso,PG,23,LAL,24,309,7.8,0.475,0.333,0.2,2.7,8,5.3,19.6,1.9,1.6,24.3,11.8,0,-0.1,0.3,0.2,0.031,0,-4.1,0.1,-4,-0.2
Alex Len,C,24,PHO,47,944,19.5,0.619,0,0.602,13.7,28.2,20.8,9.3,0.9,3.3,15.5,16.8,0,2.2,0.8,3.1,0.155,0,-0.2,1.1,0.9,0.7
Alex Poythress,PF,24,IND,21,90,7.7,0.5,0.381,0,7.7,8.7,8.2,2.9,1.7,1,8.7,11.4,0,0,0.1,0.1,0.057,0,-2.1,-1.4,-3.5,0
Alexis Ajinca,C,28,NOP,39,584,12.9,0.529,0.022,0.225,8.3,23.8,16,3.1,1.7,3.1,13.7,17.2,,0,0.9,1,0.08,,-5.1,1,-4.1,-0.3
Alfonzo McKinnie,SF,25,TOR,11,43,8.3,0.601,0.583,0.25,0,15.3,7.8,3.3,1.1,1.9,18.4,16.5,0,0,0.1,0,0.05,0,-3.2,-1,-4.2,0
Allen Crabbe,SG,25,BRK,53,1552,10.8,0.536,0.641,0.161,1.3,14.4,7.8,8.4,0.9,1,9.1,18.5,0,0.7,1.1,1.7,0.054,0,-0.4,-0.9,-1.3,0.3
Amir Johnson,C,30,PHI,50,766,15.4,0.576,0.103,0.333,12.4,18.8,15.7,12.7,2.1,3.5,15.6,13.2,0,1.3,1.3,2.6,0.166,0,-0.2,3.3,3.1,1
Andre Drummond,C,24,DET,53,1767,24.1,0.567,0.01,0.449,16.4,36.7,26.3,17.8,2.5,4.1,17.1,21.5,0,3.6,3.9,7.5,0.203,0,1.2,5.9,7.1,4.1
Andre Iguodala,SF,34,GSW,47,1198,10.3,0.504,0.36,0.289,4,11.8,8.2,15.7,1.6,1.7,15.7,11.1,0,0.9,1.1,2.1,0.083,0,-0.9,0.8,-0.1,0.6
Andre Roberson,SG,26,OKC,39,1037,11,0.543,0.222,0.235,7.8,12.3,10,6,2.2,3.1,14.4,8.7,0,0.9,1.4,2.3,0.105,0,-1.3,2.9,1.6,0.9
Andrew Bogut,C,33,LAL,24,216,10.9,0.696,0,0.08,12.7,25.7,19.2,9.1,0.9,4.9,42.3,8.8,0,0.1,0.3,0.4,0.092,0,-3.8,3.6,-0.2,0.1
Andrew Harrison,PG,23,MEM,47,1048,11.9,0.531,0.335,0.364,2.1,9.7,5.8,19.8,1.6,2,15.7,19,0,0.5,0.8,1.3,0.06,0,-1.6,-0.8,-2.3,-0.1
Andrew Wiggins,SF,22,MIN,59,2131,13.3,0.509,0.266,0.248,3.1,10.7,6.8,7.6,1.6,1.6,9,23.7,0,0.5,1.2,1.6,0.037,0,-1.1,-1.4,-2.5,-0.3
Ante Zizic,C,21,CLE,14,45,14.2,0.497,0,0.583,15.2,24.5,19.9,3.1,0,5.7,11.7,16.9,0,0,0,0.1,0.092,0,-5.1,-1.2,-6.3,0
Anthony Davis,PF,24,NOP,49,1788,27.6,0.612,0.112,0.428,7.7,24.3,16.2,11.5,1.7,4.8,8.7,28.8,0,5.8,2.6,8.3,0.224,0,2.6,1.5,4.1,2.7
Anthony Tolliver,PF,32,DET,52,1106,12.9,0.65,0.794,0.296,2.8,12.5,7.5,8.3,0.8,1.1,11.9,14.8,0,2,0.9,2.9,0.127,0,1.7,-0.9,0.8,0.8
Antonio Blakeney,SG,21,CHI,12,170,8.7,0.466,0.366,0.256,1.8,11.1,6.3,6.6,0.6,0,8.1,25.6,0,-0.2,0.1,-0.2,-0.044,0,-4.7,-4.7,-9.4,-0.3
Antonius Cleveland,SG,23,DAL,13,81,5.1,0.317,0.071,0.286,2.7,11.5,6.9,3.3,3.7,4.5,11.3,10,0,-0.1,0.1,0,-0.004,0,-7.4,4.5,-2.9,0
Aron Baynes,C,31,BOS,58,1054,11.2,0.494,0.03,0.212,9,22.6,15.9,7.7,0.8,2.8,14.1,16.3,0,0.1,1.9,2,0.093,0,-4.6,2.2,-2.4,-0.1
Arron Afflalo,SG,32,ORL,41,522,4.7,0.477,0.4,0.167,0.6,11.5,6.1,5.7,0.2,1,10.4,12,0,-0.2,0.1,-0.1,-0.012,0,-4.5,-1.8,-6.3,-0.6
Austin Rivers,SG,25,LAC,34,1113,12.9,0.526,0.458,0.198,1.5,5.8,3.7,17.5,1.8,0.7,10.9,22.1,0,0.7,0.7,1.4,0.061,0,0.7,-1.8,-1,0.3
Avery Bradley,SG,27,TOT,44,1383,9.7,0.495,0.332,0.132,1.7,7.6,4.6,10.4,1.8,0.5,13.4,23.7,0,-1.4,1.2,-0.2,-0.007,0,-2.8,-1.4,-4.2,-0.8
Bam Adebayo,C,20,MIA,47,966,17.3,0.604,0.026,0.546,9.3,20.6,14.9,12.3,1.4,2.8,13.4,15.4,0,2.1,1.4,3.5,0.175,0,-0.5,2.4,1.8,0.9
Ben McLemore,SG,24,MEM,33,554,8.3,0.498,0.444,0.158,2.9,9.8,6.3,8,1.8,1.2,12.9,19.7,0,-0.3,0.4,0.1,0.01,0,-2.9,-1.6,-4.5,-0.4
Ben Moore,PF,22,IND,2,9,-2.3,0,0,0,0,12.4,6.3,13,0,0,0,0,0,0,0,0,0.068,0,-5,0,-4.9,0
Ben Simmons,PG,21,PHI,52,1816,18.3,0.54,0.014,0.336,5.7,17.8,12,33.6,2.5,2.1,19.6,23.2,0,1.6,3,4.6,0.121,0,0,3.2,3.2,2.4
Bismack Biyombo,C,25,ORL,55,1059,13.8,0.571,0.004,0.48,10.3,23.8,17,4.9,0.7,5.5,18.2,13.9,0,0.9,1.1,2,0.09,0,-3.5,2.1,-1.4,0.2
Blake Griffin,PF,28,TOT,39,1343,20.7,0.546,0.327,0.369,4.6,20.5,12.6,27.1,1.2,0.8,12,29.5,0,2.5,1.4,3.8,0.137,0,3.2,0.1,3.4,1.9
Boban Marjanovic,C,29,TOT,20,171,21.7,0.597,0,0.57,9.6,28.3,18.7,14.3,1.2,3.1,18.2,31.3,0,0.2,0.3,0.5,0.139,0,-2.5,0.4,-2.1,0
Bobby Brown,PG,33,HOU,20,115,5.5,0.425,0.69,0.034,0,6.9,3.5,14.8,1.7,0,13.3,25.8,0,-0.3,0.1,-0.2,-0.083,0,-5,-4.4,-9.3,-0.2
Bobby Portis,PF,22,CHI,46,962,20.5,0.549,0.273,0.226,10.8,22.7,16.6,13.8,1.4,1.1,10.2,26,0,1.5,0.9,2.4,0.12,0,1.2,-0.6,0.6,0.6
Bogdan Bogdanovic,SG,25,SAC,52,1415,13.8,0.575,0.426,0.172,1.6,10.1,5.6,17.9,1.9,0.9,14.5,18.7,0,1.4,0.5,1.9,0.066,0,0.7,-1.5,-0.8,0.4
Bojan Bogdanovic,SF,28,IND,56,1706,13.5,0.598,0.467,0.233,1.2,10.7,6,6.8,1.2,0.2,9.6,18.6,0,2.4,0.9,3.3,0.094,0,1,-2.1,-1.1,0.4
Bradley Beal,SG,24,WAS,56,2031,19.3,0.562,0.353,0.267,2.5,11.3,6.9,19.4,1.7,1.1,10.4,28.1,0,3.4,1.8,5.3,0.124,0,2.9,-1,1.9,2
Brandan Wright,PF,30,MEM,27,366,19.7,0.595,0,0.333,10.1,19.6,14.8,6,1.8,6.3,6.6,15.1,0,0.8,0.5,1.3,0.176,0,-1.1,2.6,1.5,0.3
Brandon Ingram,SF,20,LAL,51,1729,13.3,0.529,0.134,0.384,2.9,13.6,8.2,16.4,1.1,1.6,14,21.9,0,0.7,1.6,2.3,0.063,0,-1.9,0.2,-1.7,0.1
Brandon Paul,SG,26,SAS,50,486,9.1,0.526,0.45,0.303,1.1,12.8,7,10.2,2.6,0.9,15.7,13.6,0,0,0.8,0.8,0.077,0,-2.7,1.3,-1.4,0.1
Brice Johnson,PF,23,LAC,9,38,21.5,0.673,0.091,0.182,5.8,31.3,18.6,4.2,7.7,4.5,25.2,18.1,0,0,0.1,0.1,0.177,0,-2.8,6.8,3.9,0.1
Brook Lopez,C,29,LAL,47,1002,15.4,0.531,0.424,0.195,5.4,14.1,9.7,12,0.9,5,12.1,25.4,0,0.4,1.2,1.6,0.074,0,-0.6,0.2,-0.4,0.4
Bruno Caboclo,SF,22,TOR,2,7,-0.1,0,1,0,0,15.7,8,16.7,7,0,0,12.4,0,0,0,0,-0.109,0,-6.6,4.4,-2.2,0
Bryn Forbes,SG,24,SAS,57,1190,8.7,0.52,0.48,0.128,0.9,7.3,4.1,7.1,1,0.1,7.1,17.1,0,0.4,1.2,1.5,0.062,0,-1.3,-1.7,-3,-0.3
Buddy Hield,SG,24,SAC,53,1261,15.4,0.554,0.442,0.094,2.5,14.7,8.4,10.8,2,1,10.8,24,0,0.7,0.7,1.4,0.055,0,0.7,-2,-1.3,0.2
C.J. McCollum,SG,26,POR,56,2014,17.6,0.55,0.319,0.171,2,9.7,5.9,15.2,1.4,0.8,8.9,26.5,0,3,1.8,4.8,0.113,0,1.9,-1.3,0.6,1.3
C.J. Miles,SF,30,TOR,45,831,15.6,0.577,0.751,0.148,1.4,10.3,5.9,5.4,1.8,1.6,5.2,22.2,0,1.5,1,2.5,0.143,0,3,-1.9,1.1,0.7
C.J. Williams,SG,27,LAC,28,544,10.1,0.549,0.414,0.097,2,6.6,4.3,6.4,2.2,2,9.6,13.3,0,0.3,0.5,0.8,0.07,0,-1.1,0.6,-0.6,0.2
Caleb Swanigan,PF,20,POR,17,139,7.3,0.404,0.133,0.289,10.5,18.6,14.6,9.3,1.8,1.7,17.8,19.6,0,-0.2,0.2,0,-0.016,0,-5.8,0.7,-5.1,-0.1
Cameron Payne,PG,22,CHI,11,142,4,0.417,0.54,0.063,0.8,12.2,6.5,16.2,1.4,0,16.7,23.9,,-0.4,0.1,-0.3,-0.086,,-5,-2.5,-7.5,-0.2
Caris LeVert,SF,23,BRK,50,1306,13.5,0.518,0.339,0.273,3.1,12.5,7.7,25.2,2.1,0.9,17.5,22.5,0,0,1.2,1.2,0.045,0,-0.9,0.2,-0.7,0.4
Carmelo Anthony,PF,33,OKC,54,1738,13.7,0.508,0.377,0.187,2.4,19,10.4,7,1,1.9,7.1,24.1,0,1.2,2,3.2,0.088,0,-1.8,-1.7,-3.5,-0.6
Cedi Osman,SF,22,CLE,44,398,11.1,0.609,0.426,0.287,3.2,19.1,11.3,6.5,1.7,0.4,13.8,13.7,0,0.3,0.3,0.6,0.075,0,-1.8,-1.2,-2.9,-0.1
Chandler Parsons,SF,29,MEM,26,545,14.4,0.6,0.531,0.14,2.5,13.4,7.9,16.4,1.2,1.5,13.2,18.3,0,0.7,0.4,1.1,0.098,0,0.9,-1.2,-0.2,0.2
Channing Frye,C,34,CLE,44,545,13.8,0.604,0.533,0.089,2.1,20.4,11.4,7.7,1.4,1.9,9.3,15.8,0,0.7,0.4,1.1,0.097,0,-0.6,-0.9,-1.5,0.1
Charles Cooke,SG,23,NOP,7,20,-0.3,0.304,0.556,0.222,0,5.4,2.8,6.6,2.4,0,9.2,23.8,0,-0.1,0,-0.1,-0.208,0,-9.3,-4.3,-13.6,-0.1
Cheick Diallo,PF,21,NOP,28,229,15.2,0.581,0,0.303,8.5,29.7,19.4,3.9,0.6,1.4,9.5,18.2,0,0.3,0.2,0.6,0.121,0,-4.1,-2.5,-6.6,-0.3
Chinanu Onuaku,C,20,HOU,5,52,12.3,0.799,0,0.571,4.2,16.8,10.5,7.8,2.8,1.6,31.3,10.4,,0.1,0.1,0.1,0.123,,-2.4,1.8,-0.6,0
Chris McCullough,PF,22,WAS,18,86,17.2,0.498,0.175,0.35,9.1,22.2,15.7,5.6,0,5.1,4.2,24.6,0,0.1,0.1,0.2,0.105,0,-3.4,-2,-5.4,-0.1
Chris Paul,PG,32,HOU,37,1181,26,0.616,0.481,0.275,2.1,17.9,10,43,2.8,0.8,12.5,24.7,0,5.3,1.7,7,0.285,0,7.1,1,8.1,3
Clint Capela,C,23,HOU,50,1356,25.4,0.655,0.002,0.398,13.4,32.8,23.2,6.3,1.4,5.9,12.1,20.3,0,4.3,2.6,6.9,0.243,0,0.2,2.8,3,1.7
Cody Zeller,C,25,CHO,25,481,15.4,0.57,0.017,0.612,11.7,19.9,15.7,7.8,1.1,3.7,15.9,16.5,0,0.7,0.6,1.3,0.131,0,-1.6,2,0.4,0.3
Cole Aldrich,C,29,MIN,12,28,9.2,0.372,0,0.444,12.4,16.8,14.6,4.8,3.6,3.2,8.5,18.6,0,0,0,0,0.017,0,-5.3,0.8,-4.5,0
Corey Brewer,SF,31,LAL,51,647,8.6,0.503,0.269,0.281,3.6,11.1,7.3,7.6,2.8,1,16.7,14.1,0,-0.2,0.8,0.6,0.043,0,-3.7,1,-2.8,-0.1
Cory Joseph,PG,26,IND,57,1482,11,0.512,0.336,0.158,1.7,10.6,6.3,16.4,1.6,0.7,11.8,14.4,0,1,1,2.1,0.067,0,-1,-0.5,-1.5,0.2
Courtney Lee,SG,32,NYK,57,1860,13.5,0.559,0.359,0.17,1.7,9.7,5.7,12.5,1.8,0.6,9.8,17.5,0,2.3,1.4,3.6,0.094,0,1.1,-0.3,0.8,1.3
Cristiano Felicio,C,25,CHI,30,390,11.2,0.6,0,0.425,8.8,14.5,11.6,8,0.5,1.3,15.9,12.7,0,0.5,0.2,0.7,0.088,0,-2.7,-0.3,-3,-0.1
D.J. Augustin,PG,30,ORL,48,998,15.3,0.597,0.517,0.404,2,7.9,4.9,22.4,1.9,0,15.2,18.4,0,1.9,0.4,2.3,0.108,0,1.5,-2.4,-0.8,0.3
D.J. Wilson,PF,21,MIL,18,60,7.7,0.667,0.417,0,2,11.8,6.9,4.8,0.8,1.4,25,12.2,0,0,0,0,0.023,0,-3.7,-2,-5.7,-0.1
D'Angelo Russell,PG,21,BRK,23,544,14.5,0.501,0.331,0.241,2.9,14.4,8.6,34.9,1.5,0.7,18.1,34.5,0,-0.7,0.4,-0.3,-0.026,0,-0.3,-0.9,-1.3,0.1
Dakari Johnson,C,22,OKC,25,147,16,0.556,0,0.432,10.3,12.6,11.4,7.9,2,4.4,6.4,13.8,0,0.3,0.2,0.5,0.173,0,-1.2,1.6,0.4,0.1
Damian Jones,C,22,GSW,3,8,-4.4,0,0,0,15.2,0,7,0,0,9.8,100,5.5,0,0,0,0,-0.049,0,-7.1,3.8,-3.3,0
Damian Lillard,PG,27,POR,50,1823,24.2,0.594,0.434,0.35,2.2,11.3,6.8,30.9,1.4,1,12.3,30,0,6.1,1.7,7.7,0.204,0,6.8,-0.9,5.9,3.6
Damien Wilkins,SF,38,IND,19,152,4.9,0.405,0.462,0.103,3.8,8.1,6,7.7,0.7,0.6,10.9,13.5,0,-0.1,0.1,-0.1,-0.025,0,-4.2,-2.3,-6.5,-0.2
Damyean Dotson,SG,23,NYK,25,222,10.4,0.507,0.448,0.104,2.6,15.4,9.1,7.8,1.3,0.4,5.4,14.6,0,0.1,0.2,0.3,0.069,0,-1.5,-1.4,-2.9,0
Daniel Hamilton,SG,22,OKC,4,25,20.7,0.545,0.455,0,0,23.2,11.2,44.9,2,0,15.4,22.4,0,0.1,0,0.1,0.177,0,1.6,-1.5,0,0
Daniel Theis,C,25,BOS,56,814,15.3,0.606,0.252,0.347,10.5,21.1,15.9,9,1.5,4.2,18.5,15.7,0,1.1,1.7,2.8,0.167,0,-1.4,3.5,2.1,0.8
Danilo Gallinari,SF,29,LAC,16,507,14.5,0.543,0.447,0.286,1.5,14.7,8.2,10.9,1.1,0.7,7.6,21.5,0,0.7,0.4,1.1,0.101,0,0.4,-1.5,-1.1,0.1
Danny Green,SG,30,SAS,46,1198,12.1,0.516,0.559,0.083,2.1,13.1,7.6,10.1,2,3.7,11.8,16.5,0,0.1,2.1,2.2,0.087,0,-1,2.6,1.6,1.1
Dante Cunningham,SF,30,TOT,52,1137,8.6,0.525,0.48,0.159,5.2,13.8,9.6,3.2,1.2,1.2,7.3,10.1,0,0.6,0.8,1.4,0.059,0,-1.8,-0.3,-2.1,0
Danuel House,SG,24,PHO,16,193,11,0.491,0.463,0.284,4.9,16,10.4,6.2,1.2,0.4,6.2,17.7,0,0.1,0.1,0.2,0.045,0,-1.9,-2.7,-4.6,-0.1
Dante Exum,PG,21,UTA,66,1228,8.5,0.521,0.41,0.201,2.9,9.3,6.2,14.1,0.9,0.8,16.8,18.1,,-0.1,1.3,1.2,0.046,,-2,-0.5,-2.5,-0.1
Dario Saric,PF,23,PHI,52,1597,15.5,0.571,0.433,0.212,7.6,16.6,12.3,13.4,1.2,0.8,13.5,20.3,0,2.4,1.8,4.2,0.126,0,1.4,0,1.4,1.4
Darius Miller,SF,27,NOP,55,1259,9.9,0.632,0.756,0.145,0.8,8.5,4.8,7.2,0.7,0.7,9.5,13.2,0,1.6,0.4,2,0.077,0,0.8,-2.1,-1.3,0.2
Darrell Arthur,PF,29,DEN,13,111,7.2,0.533,0.436,0.077,2,12.2,7.1,9.5,2.7,0.8,24.4,20.9,0,-0.2,0.1,-0.1,-0.037,0,-4.7,-1.2,-5.9,-0.1
Darren Collison,PG,30,IND,52,1574,18.7,0.608,0.327,0.234,2.1,7.8,5,24.8,2.4,0.7,10.8,17.4,0,4.4,1.3,5.7,0.174,0,3.2,-1,2.2,1.7
Darrun Hilliard,SG,24,SAS,13,92,4.2,0.38,0.333,0.389,0,8.5,4.2,16,1.1,0,15.9,12.3,0,-0.1,0.1,0,0.001,0,-5.9,-1.2,-7.2,-0.1
David Nwaba,SG,25,CHI,43,934,12.5,0.564,0.087,0.599,5.1,16.4,10.6,8.5,1.7,1.9,12.4,14,0,0.9,0.9,1.8,0.092,0,-2.6,1.4,-1.2,0.2
David West,C,37,GSW,52,704,23.3,0.64,0.026,0.211,8.1,19.4,14.2,20.6,2.3,6.3,16.2,21.5,0,1.7,1.3,3,0.204,0,1.2,3.5,4.7,1.2
Davis Bertans,PF,25,SAS,53,792,13.7,0.58,0.687,0.128,2.1,14,8.1,10,1.1,2,8.5,17.4,0,1.1,1.1,2.2,0.134,0,1,-0.3,0.8,0.6
Davon Reed,SG,22,PHO,6,46,1,0.349,0.417,0.167,0,4.8,2.3,8.9,2.1,0,13.4,13.8,0,-0.1,0,-0.1,-0.091,0,-6.5,-2.3,-8.8,-0.1
De'Aaron Fox,PG,20,SAC,48,1303,11.3,0.482,0.177,0.272,2,9.4,5.5,24.4,1.8,0.9,17,23.3,0,-0.9,0.5,-0.5,-0.018,0,-2.8,-1.9,-4.7,-0.9
DeAndre Jordan,C,29,LAC,49,1575,18.9,0.646,0,0.483,14.8,36,25.5,6.1,0.7,2.5,16.5,14.2,0,3.6,2.4,5.9,0.181,0,-0.1,1.7,1.5,1.4
DeAndre Liggins,SG,29,TOT,38,567,6.4,0.48,0.544,0.063,1.5,10.7,6.1,7.2,3.1,1.8,16.5,7.8,0,-0.2,0.7,0.5,0.042,0,-3.1,1.8,-1.3,0.1
DeAndre' Bembry,SF,23,ATL,18,311,4.6,0.447,0.227,0.239,2.6,12.6,7.6,12.1,2.1,2.2,27,18.9,0,-0.8,0.3,-0.6,-0.092,0,-7.2,0.6,-6.6,-0.4
Dejounte Murray,PG,21,SAS,56,1068,14.1,0.472,0.049,0.251,7.7,23,15.3,22,2.3,1.4,18.3,21.2,0,-0.4,2.1,1.6,0.074,0,-2.9,3.1,0.1,0.6
Delon Wright,PG,25,TOR,43,918,16.5,0.581,0.326,0.301,3.7,12.2,8,17.5,2.5,2,15.2,17.4,0,1.5,1.4,2.9,0.15,0,0.9,1.9,2.8,1.1
DeMar DeRozan,SG,28,TOR,55,1874,22.4,0.562,0.191,0.4,2.6,10.4,6.6,24.9,1.7,0.7,9.4,30,0,5.3,2.1,7.4,0.19,0,3.4,-0.7,2.7,2.2
DeMarcus Cousins,C,27,NOP,48,1737,23,0.583,0.34,0.456,6.9,31.8,19.7,23.9,2.2,3.6,18.9,32.2,0,1.7,3,4.7,0.129,0,2,3.4,5.4,3.2
DeMarre Carroll,SF,31,BRK,52,1540,14.1,0.538,0.478,0.313,5.8,17.5,11.6,10.4,1.4,1,10.8,19.9,0,1.4,1.4,2.9,0.089,0,0.2,0.1,0.3,0.9
Demetrius Jackson,PG,23,HOU,12,63,-0.6,0.286,0.429,0,7.2,12.6,9.9,10.6,3.1,1.4,41.7,16.7,0,-0.3,0.1,-0.2,-0.165,0,-10,2.1,-7.8,-0.1
Dennis Schroder,PG,24,ATL,54,1689,17.9,0.514,0.22,0.232,2.4,9,5.7,36.5,1.7,0.3,12,30.4,0,1.9,0.7,2.6,0.074,0,1.7,-2.4,-0.6,0.6
Dennis Smith,PG,20,DAL,49,1437,12.5,0.473,0.336,0.194,2.6,12.7,7.5,28.5,1.7,0.8,15.6,28.8,0,-1.9,1.2,-0.7,-0.022,0,-1.7,-0.6,-2.3,-0.1
Denzel Valentine,SG,24,CHI,55,1539,11.7,0.524,0.521,0.066,2.4,18.8,10.4,16.9,1.3,0.5,11.2,16.6,0,0.8,1.2,2,0.062,0,-0.6,0.1,-0.5,0.6
Derrick Favors,C,26,UTA,53,1493,18.3,0.579,0.063,0.298,10.1,19.6,14.8,7.8,1.5,2.9,11,19.1,0,2.7,2.1,4.7,0.151,0,-0.2,1.7,1.5,1.3
Derrick Jones,SF,20,TOT,16,226,9.1,0.464,0.341,0.455,8.5,7,7.8,5,0.9,4.8,10.2,11.7,0,0.1,0.2,0.3,0.064,0,-3,1.5,-1.6,0
Derrick Walton,PG,22,MIA,14,137,10.4,0.524,0.708,0.167,0.8,9.2,5,15.2,1.8,1.9,7.2,9.2,0,0.2,0.2,0.3,0.114,0,-1.8,0.3,-1.5,0
Derrick White,PG,23,SAS,15,117,13.4,0.595,0.333,0.75,4.7,16.1,10.4,9.6,1.7,1.4,15.8,14.6,0,0.1,0.2,0.3,0.135,0,-1.6,0.8,-0.8,0
Devin Booker,SG,21,PHO,43,1463,18.5,0.564,0.365,0.32,1.4,12.9,7,25.7,1.3,0.6,14.4,31.2,0,1.8,0.4,2.3,0.075,0,3.1,-2.3,0.8,1
Devin Harris,PG,34,TOT,45,829,13.6,0.56,0.44,0.392,1.2,10.9,5.9,16.2,2.1,0.9,13,21.5,0,0.7,0.8,1.5,0.087,0,-0.4,-0.9,-1.2,0.2
Dewayne Dedmon,C,28,ATL,38,889,17.3,0.631,0.258,0.194,8.6,28.1,18.3,10.2,1.1,2.6,14.4,17.5,0,1.6,0.9,2.5,0.138,0,0.2,0.9,1.1,0.7
Deyonta Davis,C,21,MEM,38,484,18.2,0.643,0,0.261,10,22.4,16.1,6.8,1.1,5.2,12.8,16.1,0,1,0.6,1.6,0.161,0,-1.2,1.5,0.3,0.3
Dillon Brooks,SF,22,MEM,55,1537,8.5,0.542,0.356,0.179,2.3,10.8,6.5,7.5,1.5,0.8,13.6,15.5,0,0.1,1,1.1,0.036,0,-2.1,-0.5,-2.6,-0.2
Dion Waiters,SG,26,MIA,30,918,10.7,0.487,0.415,0.168,1,8.6,4.8,20.5,1.3,0.8,13.7,25.2,0,-0.7,0.8,0.1,0.006,0,-2,-1.8,-3.8,-0.4
Dirk Nowitzki,C,39,DAL,56,1398,17.5,0.582,0.409,0.159,1.6,24.7,12.7,10.3,1.3,1.7,5.6,20.5,0,2.3,1.6,3.9,0.133,0,0.6,0.2,0.7,1
Domantas Sabonis,C,21,IND,55,1395,18.1,0.576,0.054,0.36,11.2,25.3,18.4,12.8,1,1.6,15.9,22.2,0,2.2,1.5,3.7,0.129,0,-0.3,0.3,-0.1,0.7
Donovan Mitchell,SG,21,UTA,53,1690,17.1,0.55,0.398,0.199,2.2,10.1,6.1,18.9,2.3,1.1,12.9,28.8,0,1.1,2,3,0.086,0,1.4,-0.7,0.8,1.2
Dorian Finney-Smith,PF,24,DAL,8,94,5.3,0.568,0.636,0.091,5.8,6.2,6,7.8,0,1,23.4,14.5,0,0,0,0,-0.005,0,-2.9,-2.1,-5,-0.1
Doug McDermott,SF,26,TOT,57,1227,10,0.556,0.419,0.153,3.2,9.4,6.4,6.7,0.5,0.9,8.7,14.5,0,1.2,0.5,1.7,0.065,0,-0.5,-1.6,-2,0
Dragan Bender,PF,20,PHO,57,1319,7.4,0.537,0.658,0.091,2,15.8,8.8,8.3,0.5,2,17.6,13,0,-0.2,0.4,0.2,0.006,0,-2.3,-0.4,-2.7,-0.2
Draymond Green,PF,27,GSW,49,1597,16.4,0.549,0.408,0.3,4.7,21.1,13.6,28.9,1.8,3.4,21.9,17.6,0,2.1,2.4,4.4,0.133,0,0.7,2.7,3.4,2.2
Dwayne Bacon,SG,22,CHO,35,470,4.5,0.421,0.278,0.122,0.2,21.1,10.4,6.3,0.9,0.4,11.7,12.7,0,-0.6,0.4,-0.1,-0.012,0,-6.2,0,-6.2,-0.5
Dwight Buycks,PG,28,DET,15,234,14.5,0.543,0.221,0.202,2.3,10.3,6.2,24.6,1.7,0.8,16.9,25.8,0,0.1,0.2,0.3,0.06,0,-1.5,-1.6,-3.1,-0.1
Dwight Howard,C,32,CHO,56,1735,19,0.56,0.007,0.673,11.4,33.3,22.1,7.5,1.1,4.5,16.9,23.5,0,1.1,2.9,4,0.111,0,-2.7,2.4,-0.3,0.7
Dwight Powell,C,26,DAL,56,1100,18.5,0.651,0.181,0.397,9.2,20.6,14.7,6.9,2.2,1.8,10.5,15.4,0,2.8,1.4,4.2,0.185,0,0.9,1.5,2.4,1.2
Dwyane Wade,SG,36,TOT,47,1091,15.6,0.516,0.161,0.304,4.1,14.5,9.4,23.7,2,2.7,16,24.3,0,0.2,0.9,1.2,0.051,0,-1.9,0.6,-1.3,0.2
E'Twaun Moore,SG,28,NOP,55,1764,12.2,0.609,0.379,0.089,2.3,6.8,4.6,9.5,1.4,0.4,10.9,16,0,2.1,0.8,2.8,0.077,0,0.7,-1.4,-0.6,0.6
Ed Davis,C,28,POR,57,1074,16.4,0.608,0,0.415,14.6,27.5,21.2,3.9,1.3,3.1,16.1,13,0,2,1.7,3.7,0.167,0,-1.4,1.7,0.3,0.6
Ekpe Udoh,C,30,UTA,48,725,16.5,0.596,0,0.5,9.6,11.1,10.4,9.3,2.7,7.4,9.6,9.1,0,1.6,1.4,2.9,0.195,0,0,6.2,6.2,1.5
Elfrid Payton,PG,23,TOT,45,1292,18.3,0.567,0.142,0.248,4,11.5,7.7,34.8,2.4,1,18.3,21.6,0,1.9,0.9,2.8,0.104,0,1.3,-0.1,1.2,1.1
Emeka Okafor,C,35,NOP,2,29,21.3,0.518,0,0.8,19.7,18.6,19.1,8.8,0,11.4,0,10.2,0,0.1,0,0.1,0.227,0,-0.1,4.7,4.7,0
Emmanuel Mudiay,PG,21,TOT,43,781,12.6,0.501,0.313,0.244,2.3,11.6,6.9,25.6,1.3,0.4,16.6,24.9,0,0,0.4,0.5,0.028,0,-2,-2.6,-4.6,-0.5
Enes Kanter,C,25,NYK,53,1369,23.6,0.642,0.004,0.234,15.7,29.8,22.9,9.8,0.9,1.8,15,22,0,3.9,1.7,5.6,0.196,0,2.4,0.4,2.8,1.6
Eric Bledsoe,PG,28,TOT,47,1439,18.4,0.554,0.361,0.326,2.5,11.3,6.9,23.4,3.4,1.6,15.7,27.2,0,0.9,1.8,2.7,0.088,0,1.2,-0.1,1.1,1.1
Eric Gordon,SG,29,HOU,50,1594,14.8,0.564,0.613,0.265,1.4,7,4.2,12.2,1,1,10.8,25.4,0,1.9,1.1,3,0.091,0,1.1,-2.9,-1.8,0.1
Eric Moreland,PF,26,DET,44,498,11.6,0.5,0,0.276,10.1,25.2,17.5,12.5,1.6,5,24.4,7.7,0,0.4,0.9,1.3,0.121,0,-3.4,5.2,1.8,0.5
Eric McCree,SF,24,UTA,2,3,-14,0,0,0,0,0,0,0,0,0,0,15.1,0,0,0,0,-0.367,0,-16.9,-3.8,-20.7,0
Ersan Ilyasova,PF,30,ATL,45,1148,15.2,0.575,0.422,0.218,7,17.4,12.2,6.7,1.8,1.3,9.2,17.9,0,1.7,0.9,2.6,0.109,0,0.6,-0.5,0.1,0.6
Evan Fournier,SF,25,ORL,47,1520,15.8,0.578,0.399,0.218,1.6,9.2,5.4,14.2,1.3,0.7,10.3,23.4,0,2.1,0.5,2.7,0.084,0,1.7,-2.2,-0.5,0.6
Evan Turner,SF,29,POR,54,1415,9.7,0.515,0.202,0.182,1.7,12.2,7,12.1,1.2,1,14.6,15.8,0,0.1,1.3,1.4,0.047,0,-2.7,0.5,-2.2,-0.1
Frank Jackson,SG,19,NOP,0,0,0,0,0,0,0,0,0,0,0,0,0,0,0,0,0,0,0,0,0,0,0,0
Frank Kaminsky,PF,24,CHO,53,1240,13.3,0.518,0.389,0.241,2.8,14.7,8.6,10.4,1.1,1,7.5,20.6,0,0.9,1.1,2,0.077,0,-0.5,-0.9,-1.4,0.2
Frank Mason,PG,23,SAC,29,539,12.3,0.483,0.215,0.315,2.7,10.9,6.6,23.7,1.4,0.7,14.3,22.1,0,0,0.1,0.1,0.01,0,-2.3,-2.5,-4.8,-0.4
Frank Ntilikina,PG,19,NYK,54,1093,6.6,0.43,0.309,0.15,1.9,9.5,5.7,22.4,2.3,0.8,23,17.5,0,-1.7,1,-0.7,-0.03,0,-4,-0.1,-4.2,-0.6
Fred VanVleet,PG,23,TOR,52,973,16,0.557,0.445,0.173,1.8,12.3,7.1,23,2.3,0.8,11.2,18.7,0,1.8,1.3,3.2,0.156,0,1.8,0.2,2,1
Furkan Korkmaz,SG,20,PHI,6,32,4.3,0.349,0.667,0.167,7,13.1,10.2,8.6,1.5,0,7.2,18.6,0,0,0,0,-0.02,0,-4.4,-2.4,-6.7,0
Garrett Temple,SG,31,SAC,51,1272,9.8,0.514,0.467,0.165,1.6,9.8,5.5,11.3,1.9,1.7,13.5,16.7,0,-0.1,0.6,0.4,0.016,0,-1.6,-0.8,-2.4,-0.1
Gary Harris,SG,23,DEN,52,1808,16.9,0.599,0.451,0.178,2,7,4.5,14.1,2.6,0.6,11.4,20.4,0,3.3,1.4,4.7,0.125,0,2.7,-1.1,1.6,1.7
Gary Payton,PG,25,TOT,15,128,8.3,0.416,0.333,0.071,5.4,13.7,9.5,14.8,1.2,1.9,6.5,16.3,0,0,0.1,0.1,0.027,0,-3.3,-1.2,-4.6,-0.1
George Hill,PG,31,TOT,44,1164,14,0.597,0.395,0.308,2.1,10.1,5.9,15.4,1.7,1,14.2,17,0,1.6,0.4,2,0.083,0,0.6,-1.4,-0.8,0.4
Georges Niang,PF,24,UTA,2,2,27.1,0,0,0,0,0,0,0,25.2,0,0,0,0,0,0,0,0.328,0,2.9,23.4,26.4,0
Georgios Papagiannis,C,20,SAC,16,118,10.8,0.415,0,0,11.2,24.3,17.5,11.6,0.9,4.8,16.3,18.6,0,-0.2,0.1,-0.1,-0.024,0,-6.1,1.1,-5,-0.1
Gerald Green,SG,32,HOU,19,470,15,0.592,0.712,0.19,1.7,11.8,6.8,3,1.1,1.6,5.9,22,0,0.8,0.4,1.2,0.123,0,1.2,-3,-1.9,0
Gian Clavell,SG,24,DAL,7,64,7.5,0.53,0.833,0.111,1.7,10.9,6.1,6.8,1.6,0,9.6,14.9,0,0,0,0.1,0.044,0,-1.5,-1.9,-3.4,0
Giannis Antetokounmpo,PF,23,MIL,51,1888,28.9,0.606,0.09,0.483,6.9,26,16.5,24,2,3,10.9,32,0,6.6,2.7,9.3,0.235,0,4.8,2,6.8,4.2
Glenn Robinson,SF,23,IND,69,1427,11.5,0.564,0.37,0.225,4.5,14.7,9.7,4.7,1.4,1.2,9.1,12.8,,1.3,1.2,2.5,0.085,,-1.2,-0.2,-1.3,0.2
Goran Dragic,PG,31,MIA,51,1623,16,0.527,0.284,0.257,2.5,12,7.2,25.9,1.4,0.6,12.4,26.5,0,1.4,1.6,3,0.088,0,0.6,-0.9,-0.3,0.7
Gordon Hayward,SF,27,BOS,1,5,7.4,0.5,0.5,0,0,21.4,10.9,0,0,0,0,17.9,0,0,0,0,0.061,0,-5.9,-5.9,-11.8,0
Gorgui Dieng,C,28,MIN,56,987,15.6,0.556,0.158,0.289,8.4,21.6,14.9,8,2,2.4,12.1,16.8,0,1.3,1.1,2.4,0.117,0,-0.6,0.7,0.1,0.5
Greg Monroe,C,27,TOT,28,586,19.5,0.602,0,0.285,11.4,26.2,18.7,16.9,1.6,1,17.6,20.1,0,1,0.5,1.5,0.123,0,0.1,0.8,0.9,0.4
Guerschon Yabusele,PF,22,BOS,22,110,12,0.542,0.688,0.281,12.1,18.5,15.4,8.2,0.5,0.8,14.3,17.1,0,0.1,0.2,0.3,0.118,0,-0.5,-1,-1.5,0
Harrison Barnes,PF,25,DAL,55,1898,15.9,0.54,0.26,0.254,3.4,18.5,10.7,9.3,1,0.6,8.1,24.4,0,1.5,1.4,3,0.075,0,-0.8,-1.1,-1.9,0.1
Harry Giles,PF,19,SAC,0,0,0,0,0,0,0,0,0,0,0,0,0,0,0,0,0,0,0,0,0,0,0,0
Hassan Whiteside,C,28,MIA,37,952,24.4,0.581,0.005,0.294,14.3,39.1,26.7,5.9,1.3,5.5,12.7,24.7,0,1.6,2.1,3.7,0.186,0,-2.4,1.8,-0.6,0.3
Henry Ellenson,PF,21,DET,21,141,6.5,0.413,0.406,0.047,3.9,26.9,15.1,8.6,1.1,0,12.1,23.4,0,-0.3,0.2,-0.2,-0.06,0,-6.8,-2.2,-9,-0.2
Ian Clark,SG,26,NOP,49,830,8.2,0.51,0.447,0.139,1,8.8,5,10.1,1,0.7,10.7,16.7,0,-0.1,0.3,0.2,0.013,0,-2.7,-2.3,-5,-0.6
Ian Mahinmi,C,31,WAS,54,788,11.8,0.632,0.007,0.597,12.3,16.5,14.4,6.5,1.6,3.1,25.7,13.6,0,0.8,1,1.8,0.111,0,-1.8,1.9,0.1,0.4
Ike Anigbogu,C,19,IND,10,28,23.2,0.558,0,0.667,20.7,16,18.3,0,1.8,9.4,14.7,21.8,0,0.1,0,0.1,0.173,0,-3.9,-1.7,-5.6,0
Iman Shumpert,SG,27,CLE,14,276,6.4,0.48,0.448,0.259,2.9,13.6,8.3,8.3,1.6,1.6,20.8,13.2,0,-0.2,0.2,-0.1,-0.013,0,-4.1,0.1,-4,-0.1
Isaiah Canaan,PG,26,TOT,20,422,13.7,0.539,0.482,0.372,1.5,10.2,5.8,26.8,1.8,0.2,15.4,19,0,0.5,0.1,0.7,0.075,0,0.4,-2.5,-2.1,0
Isaiah Hicks,PF,23,NYK,1,17,2,0.425,0.2,0.4,0,0,0,0,0,0,0,15.2,0,0,0,0,-0.038,0,-5.5,-4.8,-10.3,0
Isaiah Taylor,PG,23,ATL,42,593,10.3,0.481,0.228,0.351,2.3,8.6,5.4,22.6,1.5,1.3,14.3,17.1,0,0.1,0.3,0.4,0.033,0,-3,-1.7,-4.8,-0.4
Isaiah Thomas,PG,28,TOT,16,437,12.8,0.511,0.461,0.35,1.8,6.3,4.1,26.1,1.1,0.4,16.5,28.9,0,-0.1,0.1,0,0,0,-1.2,-4.5,-5.7,-0.4
Isaiah Whitehead,PG,22,BRK,14,175,12,0.537,0.198,0.235,2.4,13.4,7.9,20.3,2.2,0.9,21.2,27.9,0,-0.2,0.2,-0.1,-0.02,0,-4,-0.7,-4.7,-0.1
Ish Smith,PG,29,DET,55,1335,14.9,0.5,0.079,0.149,1.6,11.1,6.3,29.4,1.5,0.9,10.8,21.5,0,1.2,1.2,2.4,0.087,0,-1.3,-0.7,-2,0
Ivan Rabb,PF,20,MEM,16,177,20.2,0.688,0,0.204,13.7,22.6,18.1,11.3,0.6,2.1,19.2,18.7,0,0.4,0.2,0.6,0.159,0,0.3,-0.4,-0.2,0.1
Ivica Zubac,C,20,LAL,16,67,4.5,0.426,0,0.143,6.3,17.5,11.9,4.1,0,2.4,18.3,17.2,0,-0.1,0.1,-0.1,-0.048,0,-8.9,-1.5,-10.4,-0.1
J.J. Barea,PG,33,DAL,52,1199,17,0.528,0.454,0.181,0.8,14.3,7.3,42.9,1.1,0.2,15.5,24.7,0,1.4,0.8,2.2,0.088,0,1.8,-2.1,-0.3,0.5
J.J. Redick,SG,33,PHI,42,1342,15.3,0.604,0.52,0.244,0.5,8.3,4.6,15.7,0.9,0.3,9.1,20.7,0,3,1,4.1,0.145,0,2.5,-2.4,0.1,0.7
J.R. Smith,SG,32,CLE,54,1605,8.4,0.531,0.694,0.089,1.6,9.6,5.7,9.1,1.5,0.4,10.6,13.1,0,0.5,0.6,1.1,0.034,0,-0.3,-0.9,-1.2,0.3
Jabari Bird,SG,23,BOS,4,22,6,0.403,0.5,1.25,0,9.7,5,6.2,2.3,0,0,12.6,0,0,0,0,0.061,0,-4.6,0,-4.6,0
Jabari Parker,PF,21,MIL,51,1728,19.1,0.563,0.219,0.268,5.4,15.7,10.6,14.3,1.5,1.1,9.3,26.5,,2.6,1.5,4,0.112,,1.5,-1.3,0.2,1
Jack Cooley,PF,26,SAC,1,2,48.6,0.532,0,2,0,59.8,28.7,62.4,0,0,0,42.1,0,0,0,0,0.528,0,12.4,5.5,17.9,0
Jacob Pullen,PG,28,PHI,3,6,-2.2,0.5,0.5,0,0,0,0,0,0,0,33.3,21.4,0,0,0,0,-0.216,0,-10.4,-4.9,-15.4,0
Jacob Wiley,PF,23,BRK,5,33,8.2,0.41,0.5,0.5,6.3,29.2,17.6,8.1,1.5,0,0,6.4,0,0,0,0.1,0.098,0,-3.8,1.3,-2.6,0
Jae Crowder,SF,27,TOT,54,1375,10.3,0.547,0.506,0.243,3.4,11,7.3,6.3,1.5,0.7,9.5,15.3,0,1,0.6,1.6,0.057,0,-0.6,-1.2,-1.9,0.1
Jahlil Okafor,C,22,TOT,23,298,13.7,0.552,0.026,0.235,5.7,19.3,12.5,6.3,0.5,3.6,11.8,20.8,0,0.1,0.3,0.4,0.071,0,-4.4,-0.3,-4.7,-0.2
JaKarr Sampson,SF,24,SAC,11,157,15.1,0.664,0.139,0.056,7.7,22.9,15,4.8,1,4.2,7.5,11.4,0,0.4,0.1,0.5,0.146,0,-1,0.5,-0.5,0.1
Jake Layman,SF,23,POR,26,144,4.6,0.346,0.429,0.071,3.1,7.5,5.3,8.6,2.1,1.7,8.5,14.5,0,-0.2,0.2,-0.1,-0.026,0,-5.1,0.1,-5,-0.1
Jakob Poeltl,C,22,TOR,55,993,17.1,0.642,0.008,0.281,13.3,15.7,14.5,4.3,0.9,5.3,14.9,15,0,2.1,1.5,3.6,0.174,0,0.3,2.2,2.5,1.1
Jalen Jones,SF,24,TOT,8,52,8.8,0.526,0.308,0.385,2.1,28.6,15.1,2.9,1,0,11.6,14.9,0,0,0,0,0.041,0,-6.3,-2.6,-8.9,-0.1
Jamal Crawford,SG,37,MIN,57,1079,14.8,0.534,0.416,0.176,1.1,6,3.5,18.6,1.4,0.6,10.3,24.3,0,1.2,0.3,1.5,0.067,0,0.7,-4,-3.3,-0.4
Jamal Murray,PG,20,DEN,55,1656,16.1,0.575,0.397,0.218,3.7,9.4,6.5,15.5,1.4,0.8,12.9,23.5,0,2.6,0.9,3.5,0.103,0,1.6,-2.1,-0.5,0.6
Jameer Nelson,PG,35,TOT,44,916,9,0.517,0.528,0.08,1.5,10.1,5.9,23.3,1.2,0.3,20.6,13.2,0,0.3,0.4,0.8,0.04,0,-2,-1.8,-3.8,-0.4
Jamel Artis,SG,25,ORL,5,55,0.8,0.246,0.294,0.176,2,12.2,7.1,9.7,0,0,0,14.6,0,-0.1,0,-0.1,-0.13,0,-8.1,-3.1,-11.2,-0.1
James Ennis,SF,27,TOT,46,1076,12.5,0.616,0.376,0.336,5.9,11.6,8.7,7.2,1.6,1,12.6,12.7,0,1.7,0.8,2.5,0.11,0,0,0,0.1,0.6
James Harden,SG,28,HOU,48,1718,30.3,0.621,0.512,0.476,1.7,14.2,7.9,45.1,2.4,1.7,14.5,36.1,0,8.3,2.3,10.6,0.296,0,10,0.6,10.6,5.5
James Johnson,PF,30,MIA,48,1282,13.9,0.548,0.326,0.246,3.6,17.1,10.3,23.2,1.7,1.9,18.9,19.3,0,0.7,1.7,2.4,0.091,0,-0.9,1.6,0.7,0.9
James Michael,PF,25,PHI,3,18,7.6,0.508,1,0.286,0,11.6,6,0,0,4.7,11.3,21.1,0,0,0,0,0.02,0,-4.2,-4.6,-8.8,0
James Webb,SF,24,BRK,8,105,2.9,0.35,0.8,0,7,14.3,10.6,5.2,0.5,0,13,9.4,0,-0.1,0.1,0,-0.016,0,-4.4,-0.9,-5.2,-0.1
James Young,SG,22,PHI,5,52,6.1,0.512,0.833,0.5,0,4,2.1,5.2,0,0,0,12.1,0,0.1,0,0.1,0.067,0,-1.7,-4,-5.7,0
Jamil Wilson,SF,27,LAC,15,274,11.5,0.634,0.778,0.049,1.2,11.4,6.4,5.4,0.9,2.5,8.8,14.4,0,0.4,0.2,0.6,0.103,0,0.9,-0.8,0.1,0.1
JaMychal Green,PF,27,MEM,35,933,14.3,0.535,0.274,0.234,11.4,21.8,16.6,7.6,1.2,1.1,12.5,18.3,0,0.9,0.9,1.8,0.092,0,-0.8,-0.5,-1.3,0.2
Jared Dudley,PF,32,PHO,30,428,9.4,0.53,0.662,0.26,1.7,11.9,6.7,18.2,1.8,0.8,14,9.9,0,0.4,0.2,0.6,0.07,0,-1.1,-0.6,-1.8,0
Jarell Eddie,SF,26,BOS,2,6,4,0,1,0,0,17.9,9.1,0,8.3,0,0,7.5,0,0,0,0,-0.022,0,-8.7,5.3,-3.4,0
Jarell Martin,PF,23,MEM,52,1035,10.2,0.512,0.183,0.214,7.5,14.7,11,4.9,1.4,3.2,13.6,16.1,0,0.1,1,1.1,0.05,0,-3.4,0.4,-3,-0.3
Jarrett Allen,C,19,BRK,48,874,17.7,0.624,0.036,0.332,10.9,18.6,14.7,5.4,1.2,3.4,13.2,16.5,0,1.8,1,2.7,0.15,0,-1,1.1,0.2,0.5
Jarrett Jack,PG,34,NYK,55,1430,11.4,0.483,0.193,0.158,1.6,12,6.9,32.4,1.2,0.2,19.8,16.6,0,0.4,0.9,1.3,0.043,0,-1.8,-1.3,-3,-0.4
Jason Smith,C,31,WAS,23,216,6.7,0.407,0.256,0.198,8.3,11.9,10.1,8.1,0.7,4.1,11.4,21.4,0,-0.3,0.2,-0.1,-0.024,0,-5.5,-0.6,-6.1,-0.2
Jason Terry,SG,40,MIL,24,265,7.2,0.54,0.686,0.039,0.4,8,4.3,8.8,2.3,1.3,17.5,10.9,0,0,0.2,0.2,0.032,0,-2.6,-0.6,-3.2,-0.1
JaVale McGee,C,30,GSW,40,318,22.1,0.661,0.056,0.306,11.1,15.3,13.4,7.8,1.5,7.9,11.6,19,0,0.9,0.5,1.4,0.214,0,0.8,2.1,2.9,0.4
Jawun Evans,PG,21,LAC,38,701,7.2,0.412,0.205,0.197,1.3,10.6,6,18.6,2.4,0.7,13.9,18.7,0,-0.9,0.7,-0.2,-0.014,0,-4.7,-0.1,-4.8,-0.5
Jaylen Brown,SF,21,BOS,53,1669,12.7,0.549,0.403,0.277,3.3,15,9.3,8.1,1.6,1,11.9,20.7,0,0.5,2.7,3.2,0.093,0,-1.1,0.8,-0.2,0.7
Jayson Tatum,SF,19,BOS,58,1796,15,0.593,0.301,0.332,2.5,15.4,9.1,7.2,1.5,2.1,10.5,18.5,0,2.4,3.1,5.5,0.147,0,-0.6,1.7,1.1,1.4
Jeff Green,PF,31,CLE,55,1227,16,0.597,0.233,0.405,4.6,12.2,8.5,9,1.1,1.4,9.7,19.9,0,2.5,0.5,3,0.117,0,0,-1.7,-1.7,0.1
Jeff Teague,PG,29,MIN,48,1583,14.6,0.531,0.286,0.263,1.4,8.7,5,30.3,2.3,0.9,18.5,19.7,0,1.4,1,2.5,0.074,0,0.4,-1.2,-0.8,0.5
Jeff Withey,C,27,DAL,10,39,8.5,0.444,0.625,0.125,2.8,26.8,14.4,0,0,7,10.6,22.1,0,-0.1,0.1,0,-0.053,0,-9,-3.6,-12.6,-0.1
Jerami Grant,PF,23,OKC,56,1157,14.5,0.577,0.24,0.474,6.1,16.3,11,5.4,0.9,4,10,15.6,0,1.8,1.4,3.3,0.135,0,-1.5,0.5,-1.1,0.3
Jeremy Lamb,SG,25,CHO,55,1368,17.4,0.546,0.293,0.27,3,16.5,9.6,14.8,1.6,1.4,8.7,23.4,0,2,1.5,3.5,0.121,0,0.9,0,0.9,1
Jeremy Lin,PG,29,BRK,1,25,16.2,0.597,0.167,0.583,0,0,0,27.5,0,0,16.6,31.1,0,0.1,0,0.1,0.097,0,-2.8,-10.1,-12.9,-0.1
Jerian Grant,PG,25,CHI,55,1285,14.6,0.539,0.372,0.383,2.1,10.3,6.1,31.3,1.6,0.3,14,17.1,0,2.1,0.8,2.9,0.107,0,0.1,-1.7,-1.5,0.1
Jerryd Bayless,SG,29,PHI,39,925,7.7,0.546,0.557,0.168,1.8,7.3,4.7,8.3,1.2,0.5,14.1,15.2,0,0.2,0.8,1,0.051,0,-1.6,-1.1,-2.8,-0.2
Jimmy Butler,SG,28,MIN,53,1974,24.1,0.597,0.216,0.45,4.1,12.9,8.5,20.8,2.7,0.9,9.3,24.8,0,6.8,1.7,8.5,0.208,0,5.1,0.1,5.2,3.6
Joakim Noah,C,32,NYK,7,40,15.8,0.51,0,0.4,17.1,22,19.6,14.3,2.5,4.4,25.4,17.3,0,0,0.1,0.1,0.082,0,-2.1,3.7,1.7,0
Jodie Meeks,SG,30,WAS,53,789,11.1,0.521,0.544,0.299,1.7,10.5,6.1,8.7,1.3,0.3,8.3,18.8,0,0.5,0.6,1.1,0.067,0,-1.1,-2.3,-3.4,-0.3
Joe Harris,SG,26,BRK,55,1385,12.9,0.611,0.59,0.158,2.8,11.7,7.2,9.7,0.9,0.7,10.7,16.3,0,2,0.8,2.8,0.097,0,1.1,-0.9,0.1,0.7
Joe Ingles,SF,30,UTA,56,1706,13.8,0.633,0.673,0.072,1.1,14.1,7.6,20.1,1.7,0.5,17.8,15.2,0,2.4,1.8,4.2,0.119,0,1.9,0.4,2.3,1.9
Joe Johnson,SF,36,UTA,32,700,9.2,0.492,0.372,0.106,2,15.6,8.8,9.8,0.9,0.7,11.6,17.3,0,-0.2,0.6,0.4,0.026,0,-3.1,-0.5,-3.7,-0.3
Joe Young,PG,25,IND,40,403,11,0.561,0.364,0.194,1.7,9.2,5.5,8.1,1,0.2,10.3,17.3,0,0.3,0.2,0.5,0.059,0,-1.6,-3,-4.7,-0.3
Joel Bolomboy,PF,24,MIL,6,38,11.9,0.521,0.167,1,18.8,12.5,15.6,0,2.6,0,18.8,12.8,0,0,0,0.1,0.087,0,-3.2,-4.3,-7.5,-0.1
Joel Embiid,C,23,PHI,43,1357,23.2,0.578,0.194,0.452,8.1,29.7,19.3,18,1,4.9,16.3,33.4,0,1.7,2.6,4.3,0.152,0,0.3,2.5,2.7,1.6
Joffrey Lauvergne,C,26,SAS,36,363,13.4,0.507,0.043,0.276,12.2,20.8,16.5,12.7,1,0.2,16.7,19.3,0,0.1,0.5,0.6,0.085,0,-2.7,0.1,-2.6,-0.1
John Collins,PF,20,ATL,51,1130,20,0.625,0.047,0.349,13.7,22.3,18,7.6,1.4,4.3,13.9,19,0,2.6,1.2,3.8,0.163,0,0.4,1.3,1.8,1.1
John Henson,C,27,MIL,52,1317,16.4,0.599,0.012,0.356,9.5,22.7,16.1,8.6,1,4.9,14.2,15.7,0,2,1.7,3.7,0.134,0,-1.3,2,0.7,0.9
John Holland,SF,29,CLE,6,35,0.9,0.333,0.778,0,0,9.4,4.8,0,2.8,0,10,12.7,0,-0.1,0,-0.1,-0.096,0,-6.8,-2.7,-9.5,-0.1
John Wall,PG,27,WAS,37,1269,19.2,0.511,0.245,0.366,1.8,9.9,5.8,43,1.9,2.9,15.9,28.8,0,1.2,1.4,2.6,0.097,0,1.5,0,1.5,1.1
Johnathan Motley,PF,22,DAL,3,8,45.6,0.528,0,1.6,0,72.7,35.1,30.4,0,22.8,0,48.6,0,0,0,0,0.295,0,1.1,14.3,15.4,0
Johnny O'Bryant,PF,24,CHO,36,379,12,0.47,0.251,0.146,8.1,19.1,13.5,6,1,1.3,7.6,22.5,0,0,0.4,0.3,0.043,0,-3.3,-2,-5.3,-0.3
Jon Leuer,PF,28,DET,8,136,9,0.505,0.083,0.417,5.6,21.1,13.2,5.2,0.4,1.9,14.1,16.2,0,0,0.1,0.1,0.05,0,-5.5,-0.5,-6,-0.1
Jonas Jerebko,PF,30,UTA,48,784,13.3,0.589,0.419,0.167,5.7,17.4,11.6,6.4,1.3,0.9,7.2,15.2,0,1.3,0.9,2.2,0.134,0,0.1,-0.4,-0.3,0.3
Jonas Valanciunas,C,25,TOR,51,1111,22.1,0.628,0.095,0.309,12.2,30.6,21.6,7.1,0.9,2.7,12.8,22.1,0,3.1,1.9,5,0.216,0,0.7,0.6,1.3,0.9
Jonathan Isaac,PF,20,ORL,15,285,9.6,0.482,0.243,0.243,4.6,17.2,10.9,5.4,1.7,4.1,15.5,14.9,0,-0.2,0.3,0.1,0.018,0,-4.6,1.6,-3.1,-0.1
Jonathon Simmons,SG,28,ORL,54,1559,12.9,0.553,0.261,0.287,3.3,9.8,6.5,12.3,1.3,0.8,13.8,22.2,0,0.8,0.6,1.3,0.041,0,-0.9,-1.6,-2.5,-0.2
Jordan Bell,C,23,GSW,38,546,19.4,0.673,0.023,0.229,10.3,19.5,15.3,16.8,2.3,5.7,20.9,14.6,0,1.2,1,2.2,0.193,0,1.1,3.9,5,1
Jordan Clarkson,SG,25,TOT,54,1279,17.4,0.535,0.316,0.195,3.6,9.9,6.7,22.6,1.5,0.2,11.4,27.4,0,1.3,1,2.3,0.087,0,1.3,-2.2,-0.9,0.3
Jordan Crawford,SG,29,NOP,2,37,15.9,0.643,0.357,0,6.2,2.9,4.5,36.7,0,2.2,22.2,21.3,0,0.1,0,0.1,0.122,0,1.3,-5,-3.7,0
Jordan Mickey,PF,23,MIA,17,236,10.3,0.513,0.164,0.239,6.8,28,17.4,5.9,0.6,2.9,16.8,17.1,0,-0.1,0.3,0.3,0.051,0,-5.8,0.5,-5.3,-0.2
Jose Calderon,PG,36,CLE,39,610,10.3,0.64,0.545,0.164,1.5,8.5,5.1,17,1.6,0,18.1,10.5,0,0.9,0.2,1.1,0.085,0,-0.3,-1.8,-2.1,0
Josh Gray,PG,24,PHO,4,70,13,0.398,0.333,0.3,3,12.6,7.7,25.7,5.5,2.3,12.8,23.7,0,-0.1,0.1,0,-0.001,0,-2.5,2.2,-0.3,0
Josh Hart,SG,22,LAL,50,1028,11,0.586,0.551,0.233,2.7,15.8,9.2,7.4,1.6,0.9,10.3,11.9,0,1.1,1.1,2.2,0.102,0,-0.9,0.4,-0.5,0.4
Josh Huestis,PF,26,OKC,51,745,5.4,0.416,0.634,0.112,4.8,14,9.3,2.5,0.9,4.3,13.5,9.4,0,-0.4,0.9,0.4,0.028,0,-4.7,1.1,-3.6,-0.3
Josh Jackson,SF,20,PHO,55,1274,10.2,0.469,0.27,0.292,5.1,14,9.5,8.4,1.8,1.6,12.8,24.8,0,-1.6,0.7,-0.9,-0.033,0,-3.7,-1.4,-5.1,-1
Josh Magette,PG,28,ATL,9,69,17,0.631,0.429,0.429,1.7,8.4,5,36.8,1.4,0,10.7,11.9,0,0.3,0,0.3,0.2,0,1.1,-4.5,-3.4,0
Josh McRoberts,PF,30,DAL,2,6,-12.6,0,1,0,0,0,0,0,0,0,0,7.6,0,0,0,0,-0.191,0,-9.6,-2.4,-12,0
Josh Richardson,SF,24,MIA,56,1917,13.2,0.561,0.406,0.166,2.4,8.7,5.6,13.2,2,2.3,13.6,18.4,0,1.3,2.3,3.6,0.09,0,-0.1,1.2,1.1,1.5
Josh Smith,PF,32,NOP,3,12,3.5,0.25,0,0,28.5,9,18.5,0,0,0,0,14.6,0,0,0,0,-0.02,0,-6.2,-7.8,-14,0
Jrue Holiday,SG,27,NOP,55,2025,16.5,0.568,0.322,0.203,1.9,11,6.6,21.9,1.8,1.5,13.4,22.3,0,2.5,1.6,4,0.096,0,1.1,-0.3,0.8,1.4
Juan Hernangomez,PF,22,DEN,20,232,10,0.501,0.661,0.186,7.7,16.1,11.9,5.3,1.3,1.1,9.9,13.3,0,0.2,0.2,0.3,0.071,0,-1.3,-1.4,-2.8,0
Julius Randle,C,23,LAL,55,1333,19.4,0.6,0.07,0.432,8.9,23.4,16.1,15.3,0.9,2.1,16.9,25.1,0,2,1.6,3.7,0.132,0,-0.1,0.6,0.5,0.8
Julyan Stone,SG,29,CHO,11,43,10,0.75,1,0,0,28.5,13.9,31.1,2.3,2,50,8.1,0,0,0.1,0.1,0.104,0,-3.2,2.2,-1,0
Justin Anderson,SF,24,PHI,25,360,12.9,0.546,0.481,0.176,5.3,12.8,9.2,6.3,1.5,1.2,6,17.9,0,0.4,0.4,0.9,0.115,0,-0.4,-1.4,-1.8,0
Justin Holiday,SG,28,CHI,54,1847,11.5,0.526,0.569,0.228,1.6,12.8,7,10,1.6,1.4,9.4,18,0,0.7,1.5,2.1,0.055,0,-0.5,0,-0.4,0.7
Justin Jackson,SF,22,SAC,41,771,8.6,0.496,0.419,0.096,2.4,12,7,6.3,1,0.7,9.1,15.3,0,-0.1,0.2,0.1,0.003,0,-2.7,-2.2,-4.9,-0.6
Justise Winslow,SF,21,MIA,42,977,9.9,0.471,0.231,0.185,4.7,21.8,13.3,12.9,1.2,1.7,14.8,15.3,0,-0.3,1.3,1,0.051,0,-3.9,1.8,-2.1,0
Jusuf Nurkic,C,23,POR,54,1426,17.4,0.513,0.011,0.308,8.9,24.7,17,11.4,1.5,3.9,15.3,27,0,-0.3,2.4,2.1,0.072,0,-3.5,2.1,-1.4,0.2
Kadeem Allen,PG,25,BOS,7,27,-1.8,0.322,0.5,0.667,4.1,7.9,6.1,5,1.9,0,27.9,17.8,0,-0.1,0,-0.1,-0.144,0,-10,-0.3,-10.3,-0.1
Karl-Anthony Towns,C,22,MIN,59,2077,24.5,0.647,0.262,0.323,9.5,30.6,19.9,10.4,1.1,3.6,11,22,0,7.2,2.5,9.7,0.225,0,4.1,1.2,5.3,3.8
Kawhi Leonard,SF,26,SAS,9,210,26.3,0.572,0.315,0.342,3.2,19.1,11.1,18,4.4,3.6,11.1,30.8,0,0.4,0.5,0.9,0.203,0,2.8,3.3,6.1,0.4
Kay Felder,PG,22,TOT,15,137,2.9,0.375,0.279,0.176,1.6,10.5,5.9,22.5,1.1,0.6,17.9,28.6,0,-0.6,0.1,-0.5,-0.184,0,-8.7,-3.4,-12.1,-0.3
Kelly Olynyk,PF,26,MIA,54,1264,16.2,0.603,0.42,0.268,5.3,21.7,13.5,16.1,1.6,1.5,17.9,21.5,0,1.4,1.8,3.2,0.121,0,0.5,1.1,1.5,1.1
Kelly Oubre,SF,22,WAS,56,1546,12.5,0.56,0.46,0.287,3.2,16,9.6,5.6,1.6,1.2,9.6,18.6,0,1.5,1.6,3.1,0.097,0,-0.3,-0.5,-0.8,0.5
Kemba Walker,PG,27,CHO,54,1888,21,0.562,0.423,0.318,1.2,9.3,5.2,28.9,1.6,0.8,9.8,28,0,4.5,1.6,6.1,0.156,0,5.2,-1.5,3.7,2.7
Kenneth Faried,PF,28,DEN,33,461,17.7,0.552,0.007,0.345,16.5,20.9,18.7,5.9,1.3,2.4,11.9,18.3,0,0.9,0.5,1.3,0.138,0,-1.1,-0.8,-1.9,0
Kent Bazemore,SG,28,ATL,57,1587,14.7,0.542,0.404,0.302,1.6,14.8,8.2,20.1,2.9,2.2,17,22.7,0,0.3,1.7,2,0.062,0,-0.5,1.1,0.6,1
Kentavious Caldwell-Pope,SG,24,LAL,47,1528,12.9,0.538,0.502,0.255,2.8,12.8,7.7,8.9,2.4,0.5,9.4,17.4,0,1.3,1.7,3,0.094,0,0.2,0.4,0.6,1
Kevin Durant,PF,29,GSW,48,1657,25.4,0.639,0.342,0.318,1.8,18.8,11,24.9,1.2,4.4,13.2,29.3,0,5.2,2.2,7.4,0.214,0,4.7,1,5.7,3.2
Kevin Love,C,29,CLE,48,1342,22.9,0.613,0.433,0.369,7.8,29.3,18.7,9.4,1.2,1.3,9.3,25.5,0,4,1.3,5.2,0.187,0,2.7,-1.7,1,1
Kevon Looney,C,21,GSW,45,499,13.4,0.581,0,0.495,13,15.7,14.5,6.4,1.1,4.1,14.8,12.4,0,0.8,0.6,1.3,0.129,0,-1,1,0,0.2
Khem Birch,C,25,ORL,19,221,16.3,0.54,0,0.327,15.9,20.7,18.3,7.8,1.8,3.5,14.9,14.6,0,0.3,0.2,0.5,0.119,0,-1.4,1.6,0.2,0.1
Khris Middleton,SF,26,MIL,55,2022,17,0.568,0.332,0.255,1.6,15.3,8.5,18.9,1.8,0.4,11.6,24.8,0,2.8,1.7,4.5,0.106,0,1.5,-1.2,0.2,1.1
Klay Thompson,SG,27,GSW,55,1884,16.5,0.609,0.449,0.081,1.5,10.8,6.5,11.2,1,1.3,9.6,23.3,0,2.8,1.3,4.2,0.107,0,2.2,-2.3,-0.1,0.9
Kobi Simmons,PG,20,MEM,12,176,8.1,0.487,0.289,0.111,2,10.7,6.3,10.6,2.3,1.6,16,14.5,0,-0.1,0.2,0.1,0.018,0,-4.1,0.2,-3.9,-0.1
Kosta Koufos,C,28,SAC,52,977,16.8,0.557,0,0.23,11.7,26.6,18.9,9,1.8,1.9,11.1,14.8,0,1.5,0.9,2.4,0.117,0,-1.1,0.9,-0.2,0.4
Kris Dunn,PG,23,CHI,40,1185,15,0.483,0.191,0.139,1.9,15.2,8.3,35.6,3.4,1.3,17.2,25.3,0,-0.8,1.6,0.8,0.031,0,-1.2,1.6,0.4,0.7
Kristaps Porzingis,PF,22,NYK,48,1553,20.6,0.539,0.258,0.309,4.5,18,11.4,6.4,1.2,6.5,8.4,31.2,0,1.6,2.1,3.7,0.114,0,-0.3,0.2,-0.1,0.8
Kyle Anderson,SF,24,SAS,49,1341,15.7,0.581,0.11,0.312,4.6,19,11.8,14.6,2.7,2.4,16.4,13.7,0,1.6,2.7,4.2,0.151,0,-0.6,4.3,3.7,1.9
Kyle Collinsworth,SF,26,DAL,14,176,10.8,0.507,0.167,0.567,5.6,18.5,11.8,13.8,2.6,1,17.6,11.8,0,0.1,0.2,0.3,0.077,0,-3.2,2.3,-0.8,0.1
Kyle Korver,SG,36,CLE,55,1182,13.7,0.65,0.784,0.141,0.9,9.3,5.2,8.6,0.7,1.5,8.9,16.5,0,2.2,0.3,2.5,0.102,0,2.4,-2.6,-0.1,0.6
Kyle Kuzma,PF,22,LAL,54,1609,14.6,0.545,0.396,0.201,4.4,16.9,10.6,9.5,0.9,1.2,10.6,22.7,0,1.2,1.5,2.7,0.081,0,-0.2,-1.2,-1.4,0.2
Kyle Lowry,PG,31,TOR,52,1674,18.9,0.582,0.609,0.288,3.2,16.6,10,28.5,1.9,0.4,15.1,22.4,0,4,2.2,6.2,0.179,0,4.7,0.7,5.4,3.1
Kyle O'Quinn,C,27,NYK,55,929,19.6,0.632,0.036,0.388,9.9,27.6,18.9,17.1,1.3,5.6,19.7,17.2,0,1.8,1.5,3.3,0.172,0,0.3,4.2,4.5,1.5
Kyle Singler,SF,29,OKC,11,53,7.4,0.465,0.263,0.684,2,17.5,9.5,2.7,0.9,0,10.8,22.6,0,-0.1,0,0,-0.005,0,-7.2,-4.7,-11.9,-0.1
Kyrie Irving,PG,25,BOS,52,1699,24.4,0.6,0.362,0.246,1.9,10,6,29.9,1.6,0.8,10.1,31.2,0,5.2,2.5,7.7,0.218,0,6.5,-0.7,5.8,3.4
LaMarcus Aldridge,C,32,SAS,54,1829,24,0.563,0.08,0.286,11,16.5,13.8,11.1,0.8,3,7.2,28.4,0,5,2.7,7.7,0.202,0,2.5,0.3,2.8,2.2
Lance Stephenson,SG,27,IND,57,1330,12.7,0.509,0.324,0.192,3.8,22.9,13.5,18.6,1.2,0.7,15.7,20.8,0,0.1,1.3,1.4,0.051,0,-1.7,-0.1,-1.8,0.1
Lance Thomas,PF,29,NYK,54,974,6,0.502,0.435,0.204,4,10.5,7.3,4,1,1.1,13,10.8,0,0.1,0.6,0.6,0.031,0,-2.4,-0.2,-2.6,-0.1
Langston Galloway,SG,26,DET,45,675,13.5,0.527,0.654,0.129,1.8,10.4,6,11.7,1.8,0.7,5.1,19.2,0,0.8,0.7,1.4,0.101,0,0.8,-1.6,-0.8,0.2
Larry Drew,PG,27,PHI,3,15,-9.4,0.143,0.429,0,7.5,0,3.6,17.6,0,0,12.5,22.8,0,-0.1,0,-0.1,-0.308,0,-12,-5.3,-17.3,-0.1
Larry Nance,PF,25,TOT,43,943,19.3,0.615,0.019,0.341,12.1,20.4,16.2,9.4,3,1.7,12.1,15.1,0,2.1,1.6,3.7,0.189,0,0.9,2.7,3.7,1.3
Lauri Markkanen,PF,20,CHI,49,1487,15.3,0.55,0.493,0.176,3.7,24.2,13.6,7,0.9,1.6,8.3,21.8,0,1.1,1.4,2.5,0.08,0,-0.5,-1.1,-1.6,0.2
LeBron James,PF,33,CLE,55,2033,27.7,0.62,0.258,0.322,3.5,20.7,12.3,44,2.1,2.4,17.1,30.8,0,6.6,2,8.7,0.204,0,6.8,2.1,8.9,5.6
London Perrantes,PG,23,CLE,2,4,-6,0,0,0,0,0,0,30.4,0,0,0,11.1,0,0,0,0,-0.175,0,-13.2,-9.8,-22.9,0
Lonzo Ball,PG,20,LAL,36,1222,12.2,0.436,0.489,0.125,4.1,18.3,11.2,28.9,2.1,2.1,18.9,17.9,0,-0.6,1.7,1,0.041,0,-1.4,2.4,1,0.9
Lorenzo Brown,PG,27,TOR,12,95,5.7,0.333,0.333,0,0,11.6,5.9,16.2,1.5,0,4.5,10.1,0,0,0.1,0.1,0.028,0,-4.3,-0.2,-4.6,-0.1
Lou Williams,SG,31,LAC,53,1720,21.9,0.595,0.439,0.372,1.7,6.9,4.3,27.9,1.6,0.5,13.4,30.3,0,4.6,1.1,5.6,0.157,0,5.2,-2.8,2.4,1.9
Luc Mbah,PF,31,HOU,38,1031,9.5,0.585,0.53,0.253,1.8,12,6.9,5,2.2,1.3,16,12.2,0,0.4,1.2,1.6,0.073,0,-1.5,1.3,-0.2,0.5
Lucas Nogueira,C,25,TOR,33,311,16.4,0.646,0.23,0.295,5.1,17.7,11.5,5.7,2.7,8.3,14.8,11.3,0,0.5,0.7,1.2,0.18,0,-1,6.1,5.1,0.6
Luis Montero,SG,24,DET,2,8,-15.6,0,0,0,0,28.8,14,0,0,0,66.7,16.6,0,-0.1,0,-0.1,-0.448,0,-23.6,-2.2,-25.8,0
Luke Babbitt,SF,28,ATL,37,570,12.2,0.636,0.661,0.131,1,15.4,8.1,7,0.6,0.8,7.8,14.9,0,0.9,0.2,1.1,0.095,0,0.4,-2.4,-2,0
Luke Kennard,SG,21,DET,48,901,11.4,0.549,0.418,0.142,1.7,11.1,6.3,11.3,1.7,0.8,12.8,16.9,0,0.4,0.9,1.3,0.069,0,-1.5,-0.4,-1.9,0
Luke Kornet,PF,22,NYK,2,36,18.1,0.458,0.833,0,3.2,30.6,17.1,7.8,2.8,9.8,0,14.6,0,0,0.1,0.1,0.145,0,-1,5.7,4.7,0.1
Luol Deng,SF,32,LAL,1,13,5.6,0.5,0,0,0,0,0,10.1,3.7,0,33.3,9.7,0,0,0,0,-0.018,0,-7.2,-1.3,-8.6,0
Malachi Richardson,SG,22,TOT,26,324,6,0.446,0.444,0.244,1.7,10.7,6,5.6,1.6,0.3,9.1,15.2,0,-0.2,0.1,-0.1,-0.021,0,-4.1,-2.4,-6.5,-0.4
Malcolm Brogdon,PG,25,MIL,46,1404,14.6,0.579,0.319,0.174,1.9,10.9,6.4,16.7,1.5,0.8,11,19.3,0,2,0.9,2.9,0.1,0,0.7,-1.5,-0.9,0.4
Malcolm Delaney,PG,28,ATL,49,930,10.1,0.515,0.438,0.281,1.1,10,5.5,22.8,1.5,0.5,17.5,16.8,0,0.3,0.4,0.7,0.037,0,-2.1,-2,-4,-0.5
Malcolm Miller,SF,24,TOR,3,13,13.6,0.6,0.8,0,8.8,8.5,8.6,0,0,0,0,16.7,0,0,0,0,0.15,0,2.2,-6.8,-4.5,0
Malik Beasley,SG,21,DEN,46,477,8.2,0.485,0.432,0.164,3.1,11.9,7.4,7.7,1.3,0.7,11.3,16.1,0,-0.1,0.3,0.2,0.021,0,-3.3,-2,-5.3,-0.4
Malik Monk,SG,19,CHO,40,485,7.6,0.445,0.577,0.079,0.4,7.3,3.8,15,1,0.5,8.6,21.8,0,-0.5,0.3,-0.2,-0.016,0,-2.4,-3.3,-5.7,-0.5
Mangok Mathiang,C,25,CHO,3,10,-1.5,0,0,0,10.6,55.6,32.6,0,0,0,0,8.7,0,0,0,0,-0.087,0,-15.8,-5.3,-21.1,0
Manu Ginobili,SG,40,SAS,43,887,13.6,0.563,0.425,0.231,1.7,9.6,5.7,19.2,1.5,1.2,16,21.6,0,0.6,1.2,1.8,0.098,0,-0.1,-0.7,-0.7,0.3
Marc Gasol,C,33,MEM,54,1837,17.4,0.526,0.291,0.334,4.1,25,14.4,19.9,1,4.1,13.8,26.3,0,1,2.3,3.3,0.085,0,-0.6,1.8,1.2,1.5
Marcin Gortat,C,33,WAS,56,1478,15.1,0.554,0,0.305,9.8,24.1,17,10.2,1.1,2.5,13.7,15.3,0,1.8,1.9,3.7,0.121,0,-1.4,2.1,0.7,1
Marco Belinelli,SG,31,ATL,52,1210,14.3,0.555,0.51,0.225,1.2,8.2,4.7,13.5,1.9,0.2,9.2,21.3,0,1.4,0.5,2,0.078,0,0.8,-2.6,-1.7,0.1
Marcus Georges-Hunt,SG,23,MIN,34,195,4.2,0.448,0.341,0.39,3.5,3.6,3.6,4.7,1,0,5.9,11.6,0,0,0,0,0.005,0,-2.8,-2.8,-5.6,-0.2
Marcus Morris,PF,28,BOS,34,834,13.8,0.524,0.377,0.248,4,19.2,11.7,8.3,1.1,1,9.4,23.3,0,0.3,1.4,1.7,0.097,0,-1.9,-0.4,-2.2,0
Marcus Paige,PG,24,CHO,1,3,-19.4,0,0,0,0,74.2,36.2,0,0,0,0,28.9,0,0,0,0,-0.616,0,-34.3,-11,-45.3,0
Marcus Smart,SG,23,BOS,46,1393,10,0.467,0.471,0.246,2.9,9.9,6.4,23,2.1,1.3,18.5,19.6,0,-0.9,2.3,1.3,0.045,0,-2.2,1.4,-0.8,0.4
Mario Chalmers,PG,31,MEM,49,1105,10.4,0.492,0.421,0.298,1.2,12.9,7,22.3,2.8,0.8,18.4,19.5,0,-0.5,1.2,0.7,0.031,0,-2.2,0,-2.2,-0.1
Mario Hezonja,SF,22,ORL,48,918,13.1,0.565,0.451,0.153,3.1,16,9.5,8.6,2,1.1,12.6,19,0,0.5,0.7,1.2,0.061,0,-0.8,-0.7,-1.5,0.1
Markel Brown,SG,26,HOU,4,31,-1.2,0.357,0.714,0,3.7,14.6,9.2,8.6,0,0,22.2,12.7,0,-0.1,0,0,-0.068,0,-6.5,-1.9,-8.4,-0.1
Markelle Fultz,SG,19,PHI,4,76,3.7,0.372,0,0.444,4.4,8.2,6.4,13.1,1.3,1.1,15.7,21.6,0,-0.2,0.1,-0.1,-0.086,0,-8.6,-1.3,-9.9,-0.2
Markieff Morris,PF,28,WAS,47,1228,12.7,0.561,0.299,0.194,4.8,19.3,12.1,8.6,1.5,1.6,14.3,18.9,0,0.7,1.5,2.1,0.083,0,-1.3,0.5,-0.8,0.4
Marquese Chriss,PF,20,PHO,49,1034,10,0.495,0.435,0.324,4.3,22.3,13.1,8.7,1.6,3.7,16.7,17.3,0,-0.7,1,0.3,0.015,0,-3.4,1.4,-2,0
Marreese Speights,C,30,ORL,45,592,13.1,0.535,0.672,0.159,3.3,18.5,10.9,8.7,0.5,2.6,10,26.5,0,0.1,0.4,0.4,0.036,0,-0.1,-3.2,-3.3,-0.2
Marshall Plumlee,C,25,MIL,6,44,13.5,0.697,0,5.333,10.8,32.3,21.6,5.8,0,2,23,13.6,0,0.1,0,0.2,0.176,0,-3.4,-1.5,-4.9,0
Marvin Williams,PF,31,CHO,52,1349,14.1,0.623,0.525,0.207,4,16.3,10,6.6,1.2,1.3,9,13.9,0,2.4,1.3,3.8,0.134,0,1.2,0.4,1.6,1.2
Mason Plumlee,C,27,DEN,50,1047,16.3,0.563,0.004,0.493,10.1,22.3,16.1,14,1.7,4.7,19.4,16.9,0,0.8,1.4,2.3,0.104,0,-1.7,3.1,1.4,0.9
Matt Costello,C,24,SAS,3,18,3.4,0.333,0,0,6.2,37,21.6,0,0,9.4,25,10,0,0,0,0,0.018,0,-12.6,1.7,-10.9,0
Matt Williams,SG,24,MIA,3,11,-0.7,0.417,0.833,0,0,10.4,5.2,0,0,0,14.3,28.8,0,-0.1,0,0,-0.2,0,-8.5,-8.6,-17.1,0
Matthew Dellavedova,PG,27,MIL,37,702,8.8,0.506,0.517,0.168,2.2,8.4,5.3,27.9,1,0,23.1,13.6,0,0.3,0.3,0.6,0.041,0,-2.2,-3.3,-5.6,-0.6
Maurice Harkless,SF,24,POR,46,939,10.5,0.553,0.376,0.17,4.1,10.6,7.4,4.9,1.6,2.8,12.7,12.6,0,0.5,1.1,1.6,0.082,0,-1.6,1.6,0,0.5
Maxi Kleber,PF,26,DAL,51,904,12.9,0.553,0.369,0.157,6.9,13.6,10.1,6.4,1.1,3.5,7.3,13.7,0,1.1,0.9,2,0.105,0,-1,1.2,0.2,0.5
Meyers Leonard,C,25,POR,22,174,19.4,0.704,0.304,0.179,5.8,22.3,14.2,9.4,1.1,0,10.4,17.1,0,0.6,0.2,0.8,0.214,0,2,-1.2,0.8,0.1
Michael Beasley,PF,29,NYK,50,1000,19.2,0.562,0.096,0.242,7.7,21.8,14.9,11.8,1.2,2.4,14.4,28.9,0,0.7,1.1,1.8,0.086,0,-0.9,-0.5,-1.4,0.2
Michael Carter-Williams,PG,26,CHO,44,702,10.1,0.439,0.261,0.372,4.8,13,8.8,20,2.4,2.1,17,15.6,0,-0.2,0.9,0.7,0.049,0,-2.8,2,-0.8,0.2
Michael Kidd-Gilchrist,SF,24,CHO,49,1288,13.6,0.539,0.005,0.279,4.8,13.9,9.2,6.6,1.4,1.7,6.3,16,0,1.5,1.3,2.8,0.103,0,-1.6,0.8,-0.8,0.4
Mike Conley,PG,30,MEM,12,373,15.8,0.52,0.458,0.393,0,8.5,4.2,22.6,1.6,0.7,8.4,26.2,0,0.5,0.2,0.7,0.089,0,1.3,-3.3,-2,0
Mike James,PG,27,TOT,36,687,14.1,0.469,0.305,0.262,2,12.4,7.1,29.6,2,0.8,12,25.2,0,0,0.3,0.3,0.021,0,-0.7,-1.8,-2.5,-0.1
Mike Muscala,C,26,ATL,28,457,15.9,0.645,0.432,0.237,6.7,18.9,12.8,8.6,1.5,2.7,11.5,14.2,0,1,0.4,1.4,0.144,0,0.7,0.5,1.2,0.4
Mike Scott,PF,29,WAS,51,949,15,0.636,0.338,0.143,3.4,16.4,9.9,7.8,1,0.8,13.3,19.8,0,1.3,0.8,2.1,0.107,0,0.2,-1.5,-1.3,0.2
Miles Plumlee,C,29,ATL,37,623,11.4,0.604,0,0.333,9.1,17,13.1,8.5,1,3.1,24.7,12.6,0,0.3,0.5,0.7,0.055,0,-3,1.4,-1.6,0.1
Milos Teodosic,PG,30,LAC,25,640,11.2,0.513,0.654,0.097,2.2,11.1,6.7,30.3,1,0.4,19.3,19,0,0.3,0.4,0.7,0.05,0,0.2,-2,-1.8,0
Milton Doyle,SG,24,BRK,6,63,4.6,0.342,0.52,0.12,3.3,11.9,7.6,9.5,1.5,1.2,7.1,19.4,0,-0.2,0,-0.1,-0.081,0,-6,-1.4,-7.4,-0.1
Mindaugas Kuzminskas,SF,28,NYK,1,2,-41.4,0,0,0,0,0,0,0,0,0,0,43.9,0,0,0,0,-1.056,0,-36.7,-12.5,-49.2,0
Mirza Teletovic,PF,32,MIL,10,159,13.7,0.623,0.789,0,2.2,14.9,8.6,9.7,1.3,0.5,10.9,18.4,0,0.2,0.1,0.3,0.097,0,1.7,-3,-1.3,0
Monte Morris,PG,22,DEN,2,25,27.5,0.727,0.167,0.333,0,9.1,4.5,42,6,0,12.7,13.7,0,0.1,0,0.2,0.32,0,3.7,-1.2,2.5,0
Montrezl Harrell,C,24,LAC,48,741,22.7,0.624,0.007,0.405,9.8,18.1,14,8.2,1.4,3.7,9.9,22.5,0,2,0.9,2.9,0.189,0,0.7,0.4,1.1,0.6
Myke Henry,SF,25,MEM,8,150,10.6,0.523,0.667,0.179,1.5,8.6,5.1,8.2,3.1,2.5,12.5,14.6,0,0,0.2,0.2,0.054,0,-1.6,0.8,-0.8,0
Myles Turner,C,21,IND,41,1159,17.8,0.577,0.245,0.338,5.1,20.7,13,7.5,0.9,6.5,11.7,21.1,0,1.5,1.5,3,0.125,0,-1,1.8,0.8,0.8
Nate Wolters,PG,26,UTA,5,19,-2.8,0.167,0,0,6,6,6,7.1,0,0,0,14.3,0,-0.1,0,-0.1,-0.156,0,-10.1,-2.6,-12.7,-0.1
Naz Mitrou-Long,SG,24,UTA,1,1,135.8,1.5,1,0,0,0,0,0,0,0,0,45.3,0,0.1,0,0.1,2.721,0,69.3,-14.7,54.6,0
Nemanja Bjelica,PF,29,MIN,44,698,14.1,0.625,0.513,0.137,4.3,19.6,11.8,7.8,1.8,0.8,11.8,15,0,1.2,0.6,1.8,0.121,0,1.2,-0.8,0.4,0.4
Nene Hilario,C,35,HOU,38,567,17,0.624,0.011,0.413,6.8,18.8,12.8,10.8,1.7,1.4,12.8,18.7,0,1.3,0.7,2,0.167,0,-1,0.4,-0.6,0.2
Nerlens Noel,C,23,DAL,18,225,15.5,0.587,0,0.358,12.6,24.3,18.2,4,2.2,4.1,19.6,15.5,0,0.2,0.4,0.6,0.125,0,-3.6,2.3,-1.3,0
Nick Collison,PF,37,OKC,9,52,13,0.799,0,0.75,6.3,22.3,14,8.4,0,0,27.3,12.1,0,0.1,0,0.1,0.114,0,-2.6,-1.9,-4.4,0
Nick Young,SG,32,GSW,54,765,11.7,0.591,0.683,0.105,1.8,7.2,4.7,3.6,1.4,0.6,7.1,18.4,0,0.7,0.5,1.2,0.074,0,0.8,-3.7,-3,-0.2
Nicolas Batum,SG,29,CHO,42,1327,13.1,0.511,0.42,0.195,3,12,7.4,22.6,1.6,0.8,14.8,18.8,0,0.6,1.2,1.8,0.066,0,0.3,0.2,0.5,0.8
Nicolas Brussino,SF,24,ATL,4,10,-4.7,0,1,0,0,34.6,17.2,0,0,0,0,8.8,0,0,0,0,-0.18,0,-13.6,-5.1,-18.7,0
Nigel Hayes,SF,23,LAL,2,11,9.9,0.436,0.667,0.333,0,0,0,24.3,0,0,0,13.2,0,0,0,0,0.07,0,-3.5,-9.3,-12.8,0
Nik Stauskas,SG,24,TOT,30,409,8.9,0.553,0.672,0.172,0.8,12,6.3,10.3,0.8,0.6,14.4,15.3,0,0.1,0.2,0.3,0.037,0,-2,-1.4,-3.5,-0.2
Nikola Jokic,C,22,DEN,49,1539,22.8,0.578,0.281,0.305,9.4,28.2,18.7,27.9,1.9,2,15.7,23.6,0,4,2,6,0.188,0,3.6,2.5,6.2,3.2
Nikola Mirotic,PF,26,TOT,29,768,20.7,0.602,0.528,0.253,4.7,23.3,13.7,10.2,1.4,2.1,8.6,24.7,0,1.5,0.8,2.3,0.146,0,2.6,-0.9,1.7,0.7
Nikola Vucevic,C,27,ORL,34,1018,21.3,0.557,0.277,0.111,6.6,27.8,17.1,18.9,1.7,2.9,10.8,25.5,0,1.4,1.2,2.7,0.125,0,1.8,1.8,3.6,1.4
Noah Vonleh,PF,22,POR,33,476,12.1,0.543,0.063,0.323,8.3,29.9,19.3,3.8,0.6,1.9,12,11.6,0,0.5,0.7,1.1,0.113,0,-3.9,0.5,-3.5,-0.2
Norman Powell,SG,24,TOR,47,775,9.2,0.495,0.457,0.129,1.2,10.9,6.1,12.5,2,1.3,14.8,19.3,0,-0.4,1,0.6,0.037,0,-2.3,0,-2.3,-0.1
OG Anunoby,SF,20,TOR,55,1156,9.8,0.569,0.593,0.172,3.5,9.5,6.5,5.2,2,0.6,10,12,0,1.1,1.3,2.4,0.1,0,0.4,0.7,1.1,0.9
Okaro White,PF,25,MIA,6,80,9,0.577,0.688,0.188,4.3,11.4,7.8,3.6,0.6,1.1,5.5,10.4,0,0.1,0.1,0.2,0.097,0,-1.5,-1.2,-2.7,0
Omer Asik,C,31,NOP,14,121,4.5,0.423,0,0.75,6.6,26.7,17,2.1,0.4,1.4,19,9.5,0,-0.1,0.1,0,0,0,-7.5,-1,-8.5,-0.2
Omri Casspi,SF,29,GSW,43,637,15.5,0.643,0.104,0.324,5,23.4,14.9,9.3,1.3,2.2,14.3,15.8,0,1.1,0.8,1.9,0.145,0,-1.1,0.3,-0.8,0.2
Otto Porter,SF,24,WAS,52,1652,17.8,0.588,0.355,0.156,4.6,17.9,11.2,9.8,2.5,1.5,6.9,18,0,3.3,2.2,5.5,0.16,0,2.1,1.4,3.5,2.3
P.J. Tucker,SF,32,HOU,55,1523,7.5,0.52,0.669,0.158,4.4,19.1,11.8,4.1,1.8,0.7,14.2,9.5,0,0.4,1.8,2.2,0.07,0,-1.9,1.4,-0.5,0.6
Pascal Siakam,PF,23,TOR,54,1080,13.9,0.525,0.323,0.169,6.2,18.2,12.3,12.8,2.1,2.2,12,15.4,0,1,1.8,2.8,0.124,0,-0.2,2.5,2.3,1.2
Pat Connaughton,SG,25,POR,57,1120,10.3,0.564,0.536,0.136,2.1,9.2,5.7,9.6,0.6,1.1,9.1,13.9,0,1.3,0.7,2.1,0.089,0,-0.3,-0.9,-1.2,0.2
Patrick Beverley,SG,29,LAC,11,334,12.5,0.53,0.504,0.143,5.3,9.4,7.3,14.3,2.8,1.3,16.5,19.7,0,0.1,0.4,0.4,0.063,0,0.3,0.6,0.9,0.2
Patrick McCaw,SG,22,GSW,50,790,8,0.497,0.367,0.148,2.5,7.3,5.1,10.8,2.2,0.9,15.1,11.7,0,0.1,0.7,0.8,0.047,0,-2.1,-0.3,-2.5,-0.1
Patrick Patterson,PF,28,OKC,57,871,8.5,0.512,0.665,0.156,2.5,13.9,8,5.7,2,1.6,11.6,10.7,0,0.4,1.1,1.4,0.079,0,-2.4,0.5,-1.9,0
Patty Mills,PG,29,SAS,57,1357,12.7,0.574,0.61,0.169,1.1,7.5,4.3,16.5,1.5,0.5,13.9,18.4,0,1.4,1.6,2.9,0.104,0,1,-1.2,-0.2,0.6
Pau Gasol,C,37,SAS,54,1337,19.1,0.553,0.205,0.319,7,30.2,18.6,20.2,0.6,3.4,13.8,20.2,0,2.1,2.5,4.6,0.166,0,0,3.2,3.2,1.8
Paul George,SF,27,OKC,54,1968,19.7,0.584,0.449,0.294,2.6,14.5,8.3,13.6,3.1,1.4,12.5,25.9,0,3.8,3,6.7,0.164,0,2.9,0.3,3.3,2.6
Paul Millsap,PF,32,DEN,16,475,17.4,0.531,0.287,0.322,5.7,17.9,11.7,15.8,1.8,3.6,12.5,24.2,0,0.4,0.5,1,0.1,0,-0.2,0.9,0.6,0.3
Paul Zipser,SF,23,CHI,46,693,5.2,0.453,0.443,0.093,1.6,16.2,8.7,7.5,1.3,1.4,16.2,15.2,0,-1,0.6,-0.5,-0.033,0,-5.7,-0.1,-5.8,-0.7
PJ Dozier,PG,21,OKC,2,3,-4.9,0.5,0,0,0,38.7,18.7,0,0,0,33.3,43.1,0,0,0,0,-0.398,0,-23.5,-10.4,-33.9,0
Quincy Acy,PF,27,BRK,50,1020,7.1,0.502,0.774,0.204,3.4,18.6,10.9,4.9,1.1,1.2,15,14.3,0,-0.5,0.9,0.5,0.022,0,-3,-0.1,-3.1,-0.3
Quincy Pondexter,SF,29,CHI,23,196,4.1,0.398,0.449,0.347,4.2,10.8,7.4,6.3,2,0.9,16.3,15.1,0,-0.3,0.2,-0.2,-0.043,0,-6.1,-0.4,-6.5,-0.2
Quinn Cook,PG,24,GSW,11,104,10.5,0.543,0.483,0.034,2.3,9.9,6.5,21.1,0,0,9.2,13.6,0,0.2,0,0.2,0.099,0,-0.4,-4,-4.4,-0.1
R.J. Hunter,SG,24,HOU,2,2,38.9,0,0,0,0,56.6,28.4,100,0,0,0,0,0,0,0,0,0.582,0,-2.2,-3.5,-5.8,0
Rajon Rondo,PG,31,NOP,41,1017,14.8,0.523,0.332,0.073,2.2,13.5,8,41,1.8,0.7,22.4,16.4,0,1.2,0.8,2,0.093,0,-0.6,-1.3,-2,0
Ramon Sessions,PG,31,NYK,13,167,6.2,0.403,0.208,0.283,0.7,11.2,6,22.3,2.1,0.5,20.1,19.6,0,-0.3,0.1,-0.2,-0.055,0,-5.8,-1,-6.8,-0.2
Rashad Vaughn,SG,21,TOT,23,177,11.1,0.56,0.7,0.12,1.3,10,5.7,10.7,1.1,1.5,7.1,14.7,0,0.2,0.1,0.3,0.08,0,-0.6,-2.7,-3.3,-0.1
Raul Neto,PG,25,UTA,31,403,14.1,0.576,0.315,0.228,2,10.5,6.3,22.8,1.2,0.6,15.7,18.6,0,0.5,0.3,0.9,0.105,0,-0.7,-1.6,-2.2,0
Raymond Felton,PG,33,OKC,57,982,13.4,0.491,0.384,0.094,2.1,11.8,6.8,23.5,1.7,0.8,11.5,19.8,0,0.8,1,1.8,0.088,0,-1.1,-1.6,-2.7,-0.2
Reggie Bullock,SF,26,DET,40,1034,13.4,0.653,0.56,0.09,1.4,8.5,4.8,7.2,1.5,0.6,7.1,13.3,0,1.9,0.9,2.8,0.128,0,1.5,-0.5,1.1,0.8
Reggie Hearn,SG,26,DET,1,3,44.7,1.5,1,0,0,0,0,0,0,0,0,14.8,0,0,0,0,0.234,0,20.9,-6.8,14.1,0
Reggie Jackson,PG,27,DET,33,894,16.4,0.54,0.305,0.232,2.7,9.1,5.8,33,1.2,0.3,15.5,26.3,0,1,0.7,1.7,0.089,0,1.2,-2.2,-0.9,0.2
Richard Jefferson,SF,37,DEN,16,138,5.3,0.48,0.292,0.292,1.6,10.7,6.1,8.6,0.7,0.6,15.6,10.1,0,0,0.1,0,0.012,0,-4.6,-1.5,-6,-0.1
Richaun Holmes,C,24,PHI,27,402,15.7,0.556,0.161,0.19,9,22.6,16,11.2,1.3,2.3,9.7,17.5,0,0.6,0.6,1.2,0.148,0,-1,0.9,-0.1,0.2
Ricky Rubio,PG,27,UTA,54,1583,13.9,0.523,0.33,0.296,2,14.6,8.3,27.6,2.6,0.3,19.4,22.5,0,0.2,2.1,2.3,0.07,0,-0.7,0.9,0.1,0.8
Robert Covington,PF,27,PHI,51,1652,12.2,0.564,0.659,0.168,2.6,15.6,9.4,8.5,2.4,1.9,14.3,17.6,0,0.7,2.6,3.3,0.096,0,0.1,1.5,1.6,1.5
Robin Lopez,C,29,CHI,55,1529,14.6,0.55,0.014,0.147,8.2,10.1,9.1,12.1,0.4,2.6,13.6,20.7,0,1.1,0.8,1.9,0.058,0,-1.7,-0.2,-1.9,0
Rodney Hood,SG,25,TOT,40,1103,15.7,0.553,0.476,0.172,1.5,10.4,5.9,10.3,1.4,0.6,9.6,27.5,0,0.7,1,1.7,0.073,0,0.7,-2.6,-1.9,0
Ron Baker,SG,24,NYK,29,385,9.4,0.504,0.559,0.441,1.5,7.1,4.4,15.8,3.4,1.4,20.4,10.1,0,0.1,0.4,0.5,0.069,0,-1.6,1.3,-0.3,0.2
Rondae Hollis-Jefferson,SF,23,BRK,46,1301,17.2,0.55,0.085,0.423,5.4,19.1,12.2,13.8,1.5,1.8,11.5,22.4,0,1.6,1.4,3,0.111,0,-1.1,1.1,0,0.6
Royce O'Neale,SF,24,UTA,43,592,13,0.563,0.45,0.325,1.9,23.8,12.9,14,1.8,0.6,13.7,16.2,0,0.6,0.8,1.4,0.111,0,-1.4,0.8,-0.6,0.2
Rudy Gay,PF,31,SAS,34,771,17.4,0.557,0.223,0.301,6.6,18.7,12.7,10.8,1.8,2.4,13.4,23.6,0,0.7,1.4,2,0.127,0,-0.6,1.2,0.6,0.5
Rudy Gobert,C,25,UTA,30,923,19.8,0.628,0,0.678,10.1,26.6,18.3,6.9,1,6.8,15.8,17.4,0,1.8,1.7,3.5,0.182,0,-1.2,4.2,3,1.2
Russell Westbrook,PG,29,OKC,55,1986,25.1,0.518,0.204,0.318,5.1,24.6,14.5,51.3,2.7,0.5,15.8,35,0,3.8,3.3,7,0.17,0,5.5,3.2,8.7,5.3
Ryan Anderson,PF,29,HOU,53,1483,12.4,0.593,0.706,0.194,5.9,15.5,10.7,5,0.7,1,8.3,14.3,0,2.5,1.2,3.8,0.122,0,1,-0.9,0.1,0.8
Ryan Arcidiacono,PG,23,CHI,11,108,7.5,0.631,0.818,0.182,0,6.2,3,14.8,2.3,0,20.2,6,0,0.1,0.1,0.2,0.077,0,-2.7,-0.9,-3.6,0
Salah Mejri,C,31,DAL,51,629,18.7,0.652,0.025,0.463,13.1,26.2,19.5,7,1.6,8.6,18,12.9,0,1.3,1.2,2.5,0.19,0,-1.6,5.5,3.9,0.9
Sam Dekker,PF,23,LAC,49,687,10.8,0.509,0.279,0.214,5.3,15,10.2,6.4,1.5,0.9,10.2,15.5,0,0.2,0.6,0.9,0.06,0,-2.5,-0.5,-3,-0.2
Sean Kilpatrick,SG,28,TOT,34,341,9.4,0.473,0.523,0.222,0.7,17.3,8.9,12.8,0.7,0.5,11.6,24.6,0,-0.3,0.2,-0.1,-0.016,0,-3.7,-3.4,-7.1,-0.4
Semi Ojeleye,PF,23,BOS,51,722,4.3,0.443,0.769,0.192,3.8,11.4,7.7,2.3,1,0.2,9,9.6,0,-0.2,0.9,0.7,0.047,0,-3.8,0,-3.7,-0.3
Serge Ibaka,PF,28,TOR,50,1392,14.4,0.573,0.372,0.146,3.9,20.3,12.2,4.2,0.6,3.9,9.8,19.2,0,1.4,2,3.4,0.116,0,-0.9,0.6,-0.3,0.6
Shabazz Muhammad,SF,25,MIN,31,298,9.4,0.444,0.162,0.265,5.8,11.8,8.8,3.4,0.8,0.6,3,20,0,0,0.1,0.1,0.016,0,-4,-4.1,-8.1,-0.5
Shabazz Napier,PG,26,POR,50,1066,15.8,0.574,0.373,0.26,1.8,9.8,5.9,16.1,2.8,0.8,14.3,19.7,0,1.3,1.3,2.6,0.117,0,0.5,0.3,0.9,0.8
Shane Larkin,PG,25,BOS,37,428,8.9,0.49,0.398,0.179,1.6,9.5,5.6,14.9,1.5,0.4,11.4,15.7,0,0.1,0.6,0.7,0.075,0,-3.1,-0.3,-3.4,-0.2
Shaun Livingston,PG,32,GSW,48,745,11.2,0.53,0.014,0.18,3.8,8.3,6.2,16.4,1.4,1.7,14,16.3,0,0.6,0.6,1.2,0.075,0,-2.5,-1,-3.5,-0.3
Shelvin Mack,PG,27,ORL,42,752,14.3,0.537,0.289,0.321,2.1,12.2,7.1,29.7,1.7,0.6,15.1,14.6,0,1.2,0.4,1.6,0.101,0,-0.6,-1.3,-1.9,0
Sindarius Thornwell,SG,23,LAC,48,637,7.9,0.54,0.31,0.365,2.2,9.8,6.1,7.3,2,2.3,18,12.1,0,0,0.6,0.6,0.046,0,-3.1,1.3,-1.8,0
Skal Labissiere,PF,21,SAC,42,754,15.1,0.517,0.081,0.27,9.2,19.7,14.2,7.6,1.3,3.5,11.9,21.5,0,0.3,0.5,0.9,0.056,0,-2.8,-0.5,-3.3,-0.2
Spencer Dinwiddie,PG,24,BRK,56,1612,17.4,0.537,0.514,0.31,1.9,10.3,6,37.2,1.4,0.8,11.1,21.5,0,3.7,1.1,4.7,0.141,0,3.2,-1.7,1.5,1.4
Stanley Johnson,SF,21,DET,44,1232,8.8,0.484,0.441,0.252,1.9,13.3,7.4,8.1,2.2,0.7,10.6,15.6,0,-0.2,1.4,1.2,0.047,0,-2.4,0.8,-1.5,0.1
Stephen Curry,PG,29,GSW,41,1349,28,0.673,0.583,0.361,2.5,13.9,8.7,30.6,2.3,0.3,13.1,30.5,0,6.2,1.5,7.6,0.272,0,9.8,-1.5,8.3,3.5
Sterling Brown,SG,22,MIL,30,434,10.1,0.521,0.414,0.126,4.4,16.9,10.7,3,2.8,1.4,11.3,14,0,0,0.5,0.5,0.059,0,-3,-0.3,-3.3,-0.1
Steven Adams,C,24,OKC,52,1677,21.2,0.632,0.004,0.357,17.3,14,15.7,4.6,1.9,2.8,12.4,16.6,0,4.8,2.2,7,0.2,0,2.4,1,3.3,2.2
T.J. Leaf,PF,20,IND,42,398,10.3,0.549,0.313,0.087,7.3,11.8,9.6,2.8,0.6,0.7,7,14.5,0,0.4,0.2,0.6,0.075,0,-1.6,-3,-4.6,-0.3
T.J. McConnell,PG,25,PHI,47,1142,13.6,0.578,0.156,0.104,2.5,11.8,7.3,26.9,2.5,0.7,21.8,14.4,0,1.2,1.5,2.7,0.113,0,-1.1,0.8,-0.3,0.5
T.J. Warren,SF,24,PHO,54,1757,18.5,0.548,0.091,0.257,5.8,11.4,8.5,8,1.5,1.5,7,25.2,0,2.7,0.7,3.3,0.091,0,0.3,-1.7,-1.4,0.3
Taj Gibson,PF,32,MIN,59,1975,15.8,0.605,0.058,0.231,8.5,17,12.7,5.5,1.3,2,9.5,14.7,0,4,1.4,5.4,0.131,0,1.1,0.5,1.5,1.8
Tarik Black,C,26,HOU,36,365,13.9,0.579,0.084,0.474,13.7,19.9,16.8,3.3,1.9,4.7,20.2,17.3,0,0.3,0.6,0.9,0.113,0,-3.5,1.3,-2.1,0
Taurean Waller-Prince,SF,23,ATL,57,1703,11.1,0.536,0.446,0.172,2.5,15.8,9.2,11.9,1.5,1.5,16,20,0,-0.4,1.2,0.8,0.023,0,-1.6,-0.2,-1.8,0.1
Terrance Ferguson,SG,19,OKC,42,526,5.3,0.477,0.695,0.051,3.3,4.2,3.7,2.8,1.6,0.9,6.9,10.6,0,0.1,0.4,0.5,0.049,0,-2.3,-1.3,-3.6,-0.2
Terrence Ross,SG,26,ORL,22,576,10.3,0.515,0.48,0.198,1.9,11.6,6.7,8.7,2.3,1.2,11.5,16.5,0,0,0.4,0.4,0.034,0,-1.5,0,-1.5,0.1
Terry Rozier,PG,23,BOS,58,1401,14.8,0.515,0.495,0.177,3.7,16.6,10.3,15.3,2.2,0.7,8.3,19.7,0,1.3,2.5,3.8,0.131,0,0.3,1.4,1.7,1.3
Thabo Sefolosha,SF,33,UTA,38,806,16.1,0.591,0.35,0.225,4.1,18.8,11.4,6.4,3.2,1.3,10.2,16.5,0,1,1.3,2.4,0.143,0,-0.1,1.8,1.7,0.7
Thaddeus Young,PF,29,IND,57,1862,14.9,0.542,0.228,0.09,7.5,13.1,10.4,9.2,2.4,1.1,10.2,17,0,2.1,1.9,3.9,0.101,0,0.7,0.9,1.6,1.7
Thomas Bryant,C,20,LAL,6,19,11.8,0.451,0.667,0.667,5.6,11.2,8.4,14.3,0,0,0,17.2,0,0,0,0,0.079,0,-0.3,-3.9,-4.2,0
Thon Maker,C,20,MIL,55,992,10.3,0.5,0.318,0.293,7.1,15.6,11.4,4.7,1.5,4.2,11.5,14.1,0,0.2,1.1,1.3,0.065,0,-3,0.8,-2.2,0
Tim Frazier,PG,27,WAS,43,656,11.6,0.49,0.333,0.148,2.4,11.6,7,32.3,2.9,0.7,25.4,12.9,0,0.3,0.8,1.1,0.082,0,-2.1,0.1,-2,0
Tim Hardaway,SG,25,NYK,35,1131,14.2,0.52,0.489,0.226,2.2,11.9,7.1,13.7,1.8,0.6,9.2,23.6,0,0.8,0.9,1.7,0.072,0,1.5,-1.2,0.3,0.7
Timofey Mozgov,C,31,BRK,26,328,11.2,0.608,0.22,0.305,8.9,18.9,13.9,3.8,0.7,2.5,24.4,16.1,0,0,0.3,0.3,0.046,0,-4.2,-0.2,-4.3,-0.2
Timothe Luwawu-Cabarrot,SF,22,PHI,45,775,7.2,0.508,0.59,0.215,2,7.7,5,9.6,0.7,0.5,11.5,17.8,0,0.1,0.6,0.7,0.04,0,-2.1,-2.5,-4.6,-0.5
Tobias Harris,PF,25,TOT,52,1701,16.6,0.558,0.384,0.186,2.4,15.5,8.8,9.9,1.2,0.9,6.4,23.4,0,2.6,1.6,4.2,0.119,0,1.2,-1.2,0,0.8
Tomas Satoransky,SG,26,WAS,47,852,15.8,0.616,0.286,0.281,4.7,9.9,7.3,23.4,1.8,0.6,14,13.7,0,2.1,0.7,2.8,0.158,0,1.5,-0.4,1.1,0.7
Tony Allen,SF,36,NOP,22,273,8.8,0.514,0.132,0.231,8.4,10.7,9.5,4.8,1.9,0.9,15.9,19.1,0,-0.1,0.2,0.1,0.01,0,-4.1,-1.6,-5.7,-0.3
Tony Bradley,C,20,UTA,8,28,10,0.337,0.091,0.182,16.4,28.7,22.5,5.2,0,0,0,19.2,0,0,0,0,0.017,0,-6.5,-3.6,-10.1,-0.1
Tony Parker,PG,35,SAS,30,624,13.5,0.494,0.089,0.174,0.7,10.5,5.6,30.6,1.5,0.1,13.9,21.2,0,0.2,0.8,0.9,0.072,0,-2.1,-1.3,-3.4,-0.2
Tony Snell,SG,26,MIL,50,1450,8.8,0.593,0.62,0.137,0.7,8.1,4.4,5.8,1,1.1,6.9,10.5,0,1.3,0.7,2,0.068,0,-0.3,-1,-1.3,0.2
Torrey Craig,SF,27,DEN,26,418,9.8,0.535,0.418,0.319,6.7,14.4,10.5,5.6,1,1.2,9.6,12,0,0.4,0.3,0.7,0.079,0,-1.5,-1,-2.5,0
Treveon Graham,SG,24,CHO,43,746,9.9,0.563,0.423,0.262,4.4,9.7,7,8.7,1.4,0.1,10.9,12.2,0,0.8,0.6,1.4,0.089,0,-0.5,-0.3,-0.8,0.2
Trevor Ariza,SF,32,HOU,44,1538,12.2,0.592,0.742,0.142,1.8,13.3,7.6,6.6,2.1,0.4,8.2,13.9,0,2.1,1.7,3.7,0.116,0,1.3,0.5,1.8,1.5
Trevor Booker,PF,30,TOT,46,812,15.2,0.561,0.069,0.314,10.3,19.2,14.8,11.7,1.4,1.5,14.4,17.2,0,1,1,2,0.118,0,-1.2,1,-0.2,0.4
Trey Burke,PG,25,NYK,12,164,22.6,0.606,0.233,0.192,1.4,9.4,5.5,36.7,1.2,0,9.2,23.3,0,0.6,0.1,0.7,0.196,0,4.4,-3.7,0.8,0.1
Trey Lyles,PF,22,DEN,51,1069,18.7,0.601,0.408,0.281,4.6,24.4,14.4,9.4,1.1,2,8.8,20.9,0,2.3,1.1,3.4,0.153,0,1,-1,0,0.5
Tristan Thompson,C,26,CLE,35,737,14,0.61,0,0.361,11.3,20.8,16.1,4.1,0.7,1.6,10.5,12.1,0,1.5,0.4,1.9,0.123,0,-1.1,-0.7,-1.8,0
Troy Daniels,SG,26,PHO,57,1098,9.9,0.596,0.814,0.127,0.7,6.5,3.5,4.6,0.5,0.2,8.5,17.3,0,1.3,-0.1,1.2,0.051,0,1.2,-4.2,-2.9,-0.3
Troy Williams,SF,23,HOU,4,17,-2.3,0.242,0.556,0.333,6.7,20,13.4,8.5,2.9,0,8.8,29.2,0,-0.1,0,-0.1,-0.262,0,-11.5,-2.9,-14.4,-0.1
Tyler Cavanaugh,PF,23,ATL,30,413,14.4,0.603,0.612,0.147,9.4,18.1,13.7,9.1,1.1,0.6,8.2,14.3,0,0.9,0.2,1.2,0.134,0,1.8,-1.4,0.4,0.2
Tyler Dorsey,SG,21,ATL,31,374,11.2,0.508,0.556,0.215,1.8,13.6,7.7,12.6,0.8,0.5,5.7,18.5,0,0.3,0.1,0.4,0.054,0,-1,-2.9,-3.9,-0.2
Tyler Ennis,PG,23,LAL,33,367,9.4,0.432,0.276,0.155,2.6,11.9,7.2,21.2,1.8,1.1,10.2,15.8,0,0,0.4,0.4,0.05,0,-3.3,-0.4,-3.8,-0.2
Tyler Johnson,PG,25,MIA,48,1413,12.1,0.534,0.478,0.196,2.1,12,7,12,1.5,1.5,10.5,18.6,0,0.9,1.6,2.4,0.083,0,-0.6,0.1,-0.5,0.6
Tyler Lydon,PF,21,DEN,1,2,0,0,0,0,0,0,0,0,0,0,0,0,0,0,0,0,-0.008,0,-5.8,-0.5,-6.3,0
Tyler Ulis,PG,22,PHO,55,1249,9,0.449,0.258,0.186,1.3,6.4,3.8,25.7,2.2,0.3,17.4,17.3,0,-0.7,0.4,-0.3,-0.013,0,-3.2,-2.1,-5.3,-1
Tyler Zeller,C,28,TOT,45,745,14.8,0.583,0.119,0.254,9.5,20.2,14.8,6.4,0.5,2.3,12.9,17.5,0,0.9,0.7,1.6,0.103,0,-2.1,-0.2,-2.3,-0.1
Tyreke Evans,PG,28,MEM,47,1456,21.4,0.561,0.348,0.253,3.2,15.9,9.5,30.4,1.7,0.9,10.8,28.4,0,3.1,1.3,4.4,0.144,0,4.5,-0.7,3.8,2.2
Tyrone Wallace,PG,23,LAC,17,494,11.1,0.541,0.154,0.397,2.4,10.3,6.4,12,1.5,1.4,13.1,16.1,0,0.4,0.4,0.7,0.072,0,-1.8,0.3,-1.5,0.1
Tyson Chandler,C,35,PHO,41,1048,14,0.638,0,0.533,12.7,28.1,20.2,6.6,0.6,1.9,20.8,10.6,0,1.6,0.7,2.3,0.107,0,-1.3,0.9,-0.4,0.4
Tyus Jones,PG,21,MIN,59,1080,13.8,0.567,0.362,0.226,1.4,9.9,5.6,20.1,3.3,0.2,13.7,12.3,0,1.7,0.9,2.6,0.116,0,0.7,-0.1,0.6,0.7
Udonis Haslem,C,37,MIA,8,45,4.8,0.5,0.6,0,5.1,7.6,6.3,9.1,0,1.9,28.6,7,0,0,0,0,0.026,0,-4.4,-0.2,-4.6,0
Vander Blue,SG,25,LAL,5,45,-1.8,0.255,0.4,0.4,0,2.4,1.2,8.2,1.1,0,33.8,8.3,0,-0.1,0,-0.1,-0.102,0,-8.7,-1.3,-10.1,-0.1
Victor Oladipo,SG,25,IND,51,1761,23.9,0.593,0.339,0.288,1.8,15.7,8.9,19.9,3,2,12.2,30.4,0,3.7,2.3,6,0.165,0,4.1,0.5,4.6,2.9
Vince Carter,SF,41,SAC,36,600,10.7,0.497,0.565,0.125,1.7,13.2,7.2,9.8,2.6,3.2,9.7,14.7,0,0,0.5,0.6,0.045,0,-1.7,0.8,-0.9,0.2
Vince Hunter,PF,23,MEM,4,7,36.6,0.6,0,0,33,16.8,25,0,0,13.2,16.7,38.9,0,0,0,0,0.111,0,-3,-5.8,-8.9,0
Wayne Ellington,SG,30,MIA,55,1454,12.7,0.587,0.832,0.108,1.3,11.5,6.4,6.1,1.2,0.4,6.6,17.5,0,1.9,1.3,3.2,0.105,0,1.8,-1.7,0.1,0.8
Wayne Selden,SG,23,MEM,20,389,9.2,0.525,0.447,0.262,2.7,7.9,5.2,15.3,1.4,0.2,18.2,22.5,0,-0.2,0.2,0,-0.005,0,-2.3,-2.9,-5.2,-0.3
Wesley Iwundu,SF,23,ORL,37,524,9.6,0.512,0.198,0.216,4,12.1,8,9.5,1.6,0.7,9.9,11.8,0,0.3,0.3,0.6,0.054,0,-2.5,-0.2,-2.7,-0.1
Wesley Johnson,SF,30,LAC,49,1172,10.2,0.518,0.48,0.172,2,14.5,8.3,5.9,2.4,3.9,12.9,13.5,0,-0.1,1.6,1.5,0.063,0,-2.1,2.8,0.7,0.8
Wesley Matthews,SF,31,DAL,56,1913,11.7,0.545,0.568,0.152,1.2,9.4,5.2,12.8,1.8,0.6,10.3,17.7,0,1.1,1.4,2.6,0.064,0,0.5,-0.2,0.3,1.1
Will Barton,SG,27,DEN,55,1765,15.7,0.548,0.408,0.216,2.8,14.1,8.4,19.2,1.7,1.6,12.3,20.5,0,2.4,1.5,3.9,0.105,0,1.1,-0.2,0.9,1.3
Willie Cauley-Stein,C,24,SAC,50,1366,17.4,0.528,0.021,0.321,7,21.9,14.2,12.9,2,3.1,11.6,21.8,0,1,1.3,2.3,0.08,0,-1.5,1.3,-0.1,0.6
Willie Reed,C,27,TOT,42,428,19.3,0.671,0.017,0.455,9,22,15.5,3.7,1,4.4,11.6,16.7,0,1,0.6,1.6,0.18,0,-1,0.2,-0.8,0.1
Willy Hernangomez,C,23,NYK,26,233,17.1,0.595,0.062,0.346,10.7,21.2,16.1,14.6,1.7,2.6,21.8,22.5,0,0.1,0.3,0.4,0.08,0,-1.2,1.1,-0.1,0.1
Wilson Chandler,SF,30,DEN,50,1518,10.1,0.528,0.38,0.204,4.9,13.7,9.3,9,0.8,1.3,13.2,14.3,0,1,0.9,1.8,0.058,0,-1.3,-0.3,-1.6,0.2
Xavier Munford,SG,25,MIL,3,11,-2.6,0.307,0,0.5,10.8,0,5.4,12.7,4.6,0,29.1,28.7,0,-0.1,0,-0.1,-0.283,0,-12.7,-1.3,-14,0
Yogi Ferrell,SG,24,DAL,57,1665,10.9,0.554,0.495,0.164,1.6,11.7,6.5,11.6,1.2,0.2,10.2,16.3,0,1.2,1,2.2,0.064,0,-0.4,-0.6,-1,0.4
Zach Collins,C,20,POR,41,632,6.8,0.443,0.358,0.145,4.8,18.6,11.8,7.4,0.9,2.6,14.8,15.1,0,-0.6,0.8,0.2,0.015,0,-4.6,1,-3.6,-0.3
Zach LaVine,SG,22,CHI,12,296,18.6,0.524,0.354,0.291,1.8,18.4,9.8,18.2,2.2,0.3,7.9,31.8,0,0.2,0.3,0.5,0.079,0,1.1,-1.8,-0.8,0.1
Zach Randolph,PF,36,SAC,48,1229,17.9,0.535,0.182,0.151,7.6,24.4,15.7,14.3,1.6,0.7,13.2,27.3,0,0.4,0.9,1.3,0.051,0,-0.4,-1.2,-1.6,0.1
Zaza Pachulia,C,33,GSW,46,685,17.5,0.646,0,0.332,10,25.6,18.5,14.9,2,1,19.8,17,0,1.4,1,2.4,0.171,0,0.1,1.1,1.2,0.6
Zhou Qi,C,22,HOU,14,75,0,0.299,0.625,0.417,3,16.6,9.8,1.8,1.3,6.9,15,19.5,0,-0.3,0.1,-0.2,-0.129,0,-10.6,0.6,-10,-0.2