Player, Team, 17-18, 18-19, 19-20,  20-21, 21-22, 22-23, Gtd,
A.J. Hammons, MIA,1312611,1544951,0,0,0,0,2857562, 
Aaron Brooks, MIN,2116955,0,0,0,0,0,2116955, 
Aaron Gordon, ORL,5504420,0,0,0,0,0,5504420, 
Aaron Gray, DET,452059,0,0,0,0,0,452059, 
Abdel Nader, BOS,1167333,1378242,1618520,1752950,0,0,1617333, 
Al Horford, BOS,27734405,28928710,30123015,0,0,0,56663115, 
Al Jefferson, IND,9769821,10000000,0,0,0,0,13769821, 
Al-Farouq Aminu, POR,7319035,6957105,0,0,0,0,14276140, 
Alan Williams, PHO,6000000,5520000,5520000,0,0,0,6000000, 
Alec Burks, UTA,10845506,11536515,0,0,0,0,22382021, 
Alec Peters, PHO,50000,0,0,0,0,0,50000,
Alex Abrines, OKC,5725000,5455236,0,0,0,0,11180236, 
Alex Caruso, LAL,18432,0,0,0,0,0,0,
Alex Len, PHO,4187599,0,0,0,0,0,4187599, 
Alex Poythress, IND,778668,1544951,0,0,0,0,778668, 
Alexis Ajinca, NOP,4961798,5285394,0,0,0,0,10247192, 
Alfonzo McKinnie, TOR,815615,1378242,0,0,0,0,815615, 
Allen Crabbe, BRK,19332500,18500000,18500000,0,0,0,37832500, 
Amir Johnson, PHI,11000000,0,0,0,0,0,11000000, 
Andre Drummond, DET,23775506,25434263,27093019,28751775,0,0,76302788, 
Andre Iguodala, GSW,14814815,16000000,17185185,0,0,0,48000000, 
Andre Roberson, OKC,9259259,10000000,10740741,0,0,0,30000000, 
Andrew Bogut, LAL,2328652,0,0,0,0,0,0, 
Andrew Harrison, MEM,1312611,1544951,0,0,0,0,1312611, 
Andrew Wiggins, MIN,7574322,25250000,27270000,29290000,31310000,0,154024322, 
Ante Zizic, CLE,1645200,1952760,2281800,3872215,0,0,3597960, 
Anthony Davis, NOP,23775506,25434263,27093019,28751775,0,0,76302788, 
Anthony Tolliver, DET,3290000,0,0,0,0,0,3290000, 
Antonio Blakeney, CHI,50000,50000,0,0,0,0,100000,
Antonius Cleveland, DAL,50000,0,0,0,0,0,50000, 
Aron Baynes, BOS,4328000,0,0,0,0,0,4328000, 
Arron Afflalo, ORL,2328652,0,0,0,0,0,2328652, 
Austin Rivers, LAC,11825000,12650000,0,0,0,0,11825000, 
Avery Bradley, LAC,8808989,0,0,0,0,0,8808989, 
Bam Adebayo, MIA,2490360,2955840,3454080,5115492,0,0,5446200, 
Ben McLemore, MEM,5200000,5460000,0,0,0,0,10660000, 
Ben Moore, IND,0,0,0,0,0,0,0,
Ben Simmons, PHI,6168840,6434520,8113930,0,0,0,12603360, 
Bismack Biyombo, ORL,17000000,17000000,17000000,0,0,0,34000000, 
Blake Griffin, DET,29512900,31873932,34234964,36595996,38957028,0,132217792, 
Boban Marjanovic, LAC,7000000,7000000,0,0,0,0,14000000, 
Bobby Brown, HOU,1524305,0,0,0,0,0,0, 
Bobby Portis, CHI,1516320,2494346,0,0,0,0,4010666, 
Bogdan Bogdanovic, SAC,9470614,9000000,8529386,0,0,0,27000000, 
Bojan Bogdanovic, IND,10500000,10500000,0,0,0,0,12000000, 
Bradley Beal, WAS,23775506,25434263,27093019,28751775,0,0,105054563, 
Brandan Wright, MEM,5179760,0,0,0,0,0,5179760, 
Brandon Ingram, LAL,5519400,5757120,7265485,0,0,0,11276520, 
Brandon Knight, PHO,13618750,14631250,15643750,0,0,0,43893750, 
Brandon Paul, SAS,815615,1378242,0,0,0,0,815615, 
Brice Johnson, MEM,1331160,0,0,0,0,0,1331160, 
Brook Lopez, LAL,22642350,0,0,0,0,0,22642350, 
Bruno Caboclo, SAC,2451225,0,0,0,0,0,2451225, 
Bryn Forbes, SAS,1312611,0,0,0,0,0,1312611, 
Buddy Hield, SAC,3675480,3833760,4861208,0,0,0,7509240, 
C.J. McCollum, POR,23962573,25759766,27556959,29354152,0,0,106633450, 
C.J. Miles, TOR,7936509,8333333,8730158,0,0,0,16269842, 
C.J. Williams, LAC,13824,0,0,0,0,0,13824,
Caleb Swanigan, POR,1465920,1740000,2033160,3665787,0,0,3205920, 
Cameron Payne, CHI,2203440,3263295,0,0,0,0,5466735, 
Caris LeVert, BRK,1632480,1702800,2625718,0,0,0,3335280, 
Carmelo Anthony, OKC,26243760,27928140,0,0,0,0,26243760, 
Cedi Osman, CLE,2642857,2775000,2907143,0,0,0,8325000, 
Chandler Parsons, MEM,23112004,24107258,25102511,0,0,0,72321773, 
Channing Frye, LAL,7420912,0,0,0,0,0,7420912, 
Charles Cooke, NOP,0,0,0,0,0,0,0,
Cheick Diallo, NOP,1312611,1544951,0,0,0,0,1812611, 
Chinanu Onuaku, HOU,1312611,1544951,0,0,0,0,2857562, 
Chris McCullough, WAS,1471382,0,0,0,0,0,1471382, 
Chris Paul, HOU,24599495,0,0,0,0,0,24599495, 
Clint Capela, HOU,2334520,0,0,0,0,0,2334520, 
Cody Zeller, CHO,12584270,13528090,14471910,15415730,0,0,56000000, 
Cole Aldrich, MIN,7300000,6956021,0,0,0,0,9356021, 
Corey Brewer, LAL,7579366,0,0,0,0,0,7579366, 
Cory Joseph, IND,7630000,7945000,0,0,0,0,7630000, 
Courtney Lee, NYK,11747890,12253780,12759670,0,0,0,36761340, 
Cristiano Felicio, CHI,7843500,8470980,8156500,7529020,0,0,32000000, 
D.J. Augustin, ORL,7250000,7250000,7250000,0,0,0,21750000, 
D.J. Wilson, MIL,2135040,2534280,2961120,4548280,0,0,4669320, 
D'Angelo Russell, BRK,5562360,7019698,0,0,0,0,12582058, 
Dakari Johnson, OKC,815615,1378242,0,0,0,0,2193857, 
Damian Jones, GSW,1312611,1544951,2305057,0,0,0,2857562, 
Damian Lillard, POR,26153057,27977689,29802321,31626953,0,0,115560020, 
Damien Wilkins, IND,2116955,0,0,0,0,0,25000, 
Damyean Dotson, NYK,1100000,1378242,1618520,0,0,0,2478242, 
Daniel Hamilton, OKC,18432,0,0,0,0,0,18432,
Daniel Theis, BOS,815615,1378242,0,0,0,0,815615, 
Danilo Gallinari, LAC,20559599,21587579,22615559,0,0,0,64762737, 
Danny Green, SAS,10000000,10000000,0,0,0,0,10000000, 
Dante Cunningham, BRK,2300000,0,0,0,0,0,2300000, 
Danuel House,PHO,0,0,0,0,0,0,0,
Dante Exum, UTA,4992385,0,0,0,0,0,4992385, 
Dario Saric, PHI,2422560,2526840,3481986,0,0,0,4949400, 
Darius Miller, NOP,2100000,2205000,0,0,0,0,2100000, 
Darrell Arthur, DEN,7464912,7464912,0,0,0,0,7464912, 
Darren Collison, IND,10000000,10000000,0,0,0,0,12000000, 
Darrun Hilliard,SAS,44495,0,0,0,0,0,44495,
David Nwaba, CHI,1312611,0,0,0,0,0,1312611, 
David West, GSW,2328652,0,0,0,0,0,2328652, 
Davis Bertans, SAS,1312611,0,0,0,0,0,1312611, 
Davon Reed, PHO,815615,1378242,1618520,0,0,0,1504736, 
De'Aaron Fox, SAC,4609200,5407920,6392760,8099627,0,0,10017120, 
DeAndre Jordan, LAC,22642350,24119025,0,0,0,0,22642350, 
DeAndre Liggins, NOP,172238,0,0,0,0,0,172238, 
DeAndre' Bembry, ATL,1567200,1634640,2603982,0,0,0,3201840, 
Dejounte Murray, SAS,1312611,1544951,2321735,0,0,0,2857562, 
Delon Wright, TOR,1645200,2536898,0,0,0,0,4182098, 
DeMar DeRozan, TOR,27739975,27739975,27739975,27739975,0,0,83219925, 
DeMarcus Cousins, NOP,18063850,0,0,0,0,0,18063850, 
DeMarre Carroll, BRK,14800000,15400000,0,0,0,0,30200000, 
Demetrius Jackson, HOU,50000,0,0,0,0,0,124159, 
Dennis Schroder, ATL,15500000,15500000,15500000,15500000,0,0,62000000, 
Dennis Smith, DAL,3218280,3819960,4463640,5686677,0,0,7038240, 
Denzel Valentine, CHI,2186400,2280600,3377569,0,0,0,4467000, 
Derrick Favors, UTA,12000000,0,0,0,0,0,12000000, 
Derrick Jones, PHO,1312611,0,0,0,0,0,0, 
Derrick Walton,MIA,0,0,0,0,0,0,0,
Derrick White, SAS,1404600,1667160,1948080,3516284,0,0,3071760, 
Devin Booker, PHO,2319360,3314365,0,0,0,0,5633725, 
Devin Harris, DEN,4402546,0,0,0,0,0,4402546, 
Dewayne Dedmon, ATL,6000000,6300000,0,0,0,0,6000000, 
Deyonta Davis, MEM,1312611,1544951,0,0,0,0,2857562, 
Dillon Brooks, MEM,815615,1378242,1618520,0,0,0,2193857, 
Dion Waiters, MIA,11000000,11550000,12100000,12650000,0,0,47300000, 
Dirk Nowitzki, DAL,5000000,5000000,0,0,0,0,5000000, 
Domantas Sabonis, IND,2550000,2659800,3529555,0,0,0,5209800, 
Donovan Mitchell, UTA,2621280,3111480,3635760,5195501,0,0,5732760, 
Dorian Finney-Smith, DAL,1312611,1544951,0,0,0,0,1312611, 
Doug McDermott, DAL,3294994,0,0,0,0,0,3294994, 
Dragan Bender, PHO,4468800,4661280,5896519,0,0,0,9130080, 
Draymond Green, GSW,16400000,17469565,18539130,0,0,0,52408695, 
Dwayne Bacon, CHO,815615,1378242,1618520,0,0,0,2193857, 
Dwight Buycks, DET,748160,1600520,0,0,0,0,748160, 
Dwight Howard, CHO,23500000,23819725,0,0,0,0,47319725, 
Dwight Powell, DAL,9003125,9631250,10259375,0,0,0,18634375, 
Dwyane Wade, MIA,17878652,0,0,0,0,0,17878652, 
E'Twaun Moore, NOP,8445024,8808685,8664928,0,0,0,25918637, 
Ed Davis, POR,6352531,0,0,0,0,0,6352531, 
Ekpe Udoh, UTA,3200000,3360000,0,0,0,0,3200000, 
Elfrid Payton, PHO,3332340,0,0,0,0,0,3332340, 
Emeka Okafor, NOP,119602,0,0,0,0,0,119602, 
Emmanuel Mudiay, NYK,3381480,4294480,0,0,0,0,7675960, 
Enes Kanter, NYK,20566802,18622514,0,0,0,0,20566802, 
Eric Bledsoe, MIL,14500000,15000000,0,0,0,0,29500000, 
Eric Gordon, HOU,12943020,13500375,14057730,0,0,0,40501125, 
Eric Moreland, DET,1739333,1826300,1913267,0,0,0,1739333, 
Eric McCree,UTA,0,0,0,0,0,0,0,
Ersan Ilyasova, ATL,6000000,0,0,0,0,0,6000000, 
Evan Fournier, ORL,17000000,17000000,17000000,17000000,0,0,51000000, 
Evan Turner, POR,17131148,17868852,18606557,0,0,0,53606557, 
Frank Jackson, NOP,815615,1378242,1618520,0,0,0,2699857, 
Frank Kaminsky, CHO,2847600,3627842,0,0,0,0,6475442, 
Frank Mason, SAC,1184385,1378242,1618520,0,0,0,2562627, 
Frank Ntilikina, NYK,3501120,4155720,4855800,6176578,0,0,7656840, 
Fred VanVleet, TOR,1312611,0,0,0,0,0,0, 
Furkan Korkmaz, PHI,1465920,1740000,2033160,3665787,0,0,3205920, 
Garrett Temple, SAC,8000000,8000000,0,0,0,0,8000000, 
Gary Harris, DEN,2550055,16517857,17839286,19160714,20482143,0,76550055, 
Gary Payton, MIL,50000,0,0,0,0,0,50000, 
George Hill, CLE,20000000,19000000,18000000,0,0,0,40000000, 
Georges Niang, IND,100000,0,0,0,0,0,100000, 
Georgios Papagiannis, SAC,2301360,2400480,3430288,0,0,0,4701840, 
Gerald Green, HOU,947248,0,0,0,0,0,947248, 
Gian Clavell, DAL,50000,0,0,0,0,0,50000, 
Giannis Antetokounmpo, MIL,22471910,24157303,25842697,27528090,0,0,100000000, 
Glenn Robinson, IND,1524305,0,0,0,0,0,1524305, 
Goran Dragic, MIA,17000450,18109175,19217900,0,0,0,35109625, 
Gordon Hayward, BOS,29727900,31214295,32700690,34187085,0,0,93642885, 
Gorgui Dieng, MIN,14112360,15170787,16229213,17287640,0,0,62800000, 
Greg Monroe, BOS,22884176,0,0,0,0,0,22884176, 
Guerschon Yabusele, BOS,2247480,2667600,3117240,4781846,0,0,4915080, 
Harrison Barnes, DAL,23112004,24107258,25102512,0,0,0,47219262, 
Harry Giles, SAC,1859400,2207040,2578800,3976510,0,0,4066440, 
Hassan Whiteside, MIA,23775506,25434263,27093018,0,0,0,49209769, 
Henry Ellenson, DET,1780800,1857480,2856804,0,0,0,3638280, 
Ian Clark, NOP,1577230,0,0,0,0,0,1577230, 
Ian Mahinmi, WAS,16661641,15944154,15450051,0,0,0,48055846, 
Ike Anigbogu, IND,950000,1378242,1618520,0,0,0,1640000, 
Iman Shumpert, SAC,10337079,11011234,0,0,0,0,10337079, 
Isaiah Canaan, PHO,1069308,0,0,0,0,0,1069308, 
Isaiah Hicks, NYK,0,0,0,0,0,0,0,
Isaiah Taylor, ATL,1312611,1544951,0,0,0,0,1312611, 
Isaiah Thomas, LAL,6261395,0,0,0,0,0,6261395, 
Isaiah Whitehead, BRK,1312611,1544951,1676735,0,0,0,1312611, 
Ish Smith, DET,6000000,6000000,0,0,0,0,12000000, 
Ivan Rabb, MEM,950000,1378242,1618520,0,0,0,2328242, 
Ivica Zubac, LAL,1312611,1544951,0,0,0,0,1312611, 
J.J. Barea, DAL,3903900,3710850,0,0,0,0,7614750, 
J.J. Redick, PHI,23000000,0,0,0,0,0,23000000, 
J.R. Smith, CLE,13760000,14720000,15680000,0,0,0,32350000, 
Jabari Bird, BOS,75000,0,0,0,0,0,75000,
Jabari Parker, MIL,6782392,0,0,0,0,0,6782392, 
Jack Cooley, SAC,37079,0,0,0,0,0,37079,
Jacob Pullen, PHI,50000,0,0,0,0,0,50000, 
Jacob Wiley,BRK,50000,50000,0,0,0,0,10000,
Jae Crowder, UTA,6796117,7305825,7815533,0,0,0,21917475, 
Jahlil Okafor, BRK,4995120,0,0,0,0,0,4995120, 
Jake Layman, POR,1312611,1544951,0,0,0,0,1312611, 
Jakob Poeltl, TOR,2825640,2947320,3754886,0,0,0,5772960, 
Jalen Moore, MIL,50000,0,0,0,0,0,50000, 
Jamal Crawford, MIN,15000000,7000000,0,0,0,0,22000000, 
Jamal Murray, DEN,3355320,3499800,4444746,0,0,0,6855120, 
Jameer Nelson, DET,8000000,0,0,0,0,0,8000000, 
James Ennis, DET,3028410,0,0,0,0,0,3028410, 
James Harden, HOU,28299399,30431854,37800000,40824000,43848000,0,181203253, 
James Johnson, MIA,13954000,14651700,15349400,0,0,0,43955100, 
James Michael, PHI,50000,0,0,0,0,0,50000, 
Jamil Wilson, LAC,50000,0,0,0,0,0,50000, 
JaMychal Green, MEM,8533333,7866667,0,0,0,0,16400000, 
Jared Dudley, PHO,10000000,9530000,0,0,0,0,19530000, 
Jarell Eddie, BOS,83129,0,0,0,0,0,83129, 
Jarell Martin, MEM,1471382,2416222,0,0,0,0,3887604, 
Jarrett Allen, BRK,1713720,2034120,2376840,3909902,0,0,3747840, 
Jarrett Jack, NYK,2328652,0,0,0,0,0,2328652, 
Jason Smith, WAS,5225000,5450000,0,0,0,0,5225000, 
Jason Terry, MIL,2328652,0,0,0,0,0,2328652, 
Jason Thompson, GSW,945126,945126,0,0,0,0,1890252, 
JaVale McGee, GSW,2116955,0,0,0,0,0,2116955, 
Jawun Evans, LAC,815615,1378242,1618520,0,0,0,2193857, 
Jaylen Brown, BOS,4956480,5169960,6534829,0,0,0,10126440, 
Jayson Tatum, BOS,5645400,6700800,7830000,9897120,0,0,12346200, 
Jeff Green, CLE,2116955,0,0,0,0,0,2116955, 
Jeff Teague, MIN,19000000,19000000,19000000,0,0,0,38000000, 
Jeff Withey, DAL,1577320,1795015,0,0,0,0,350000, 
Jerami Grant, OKC,1524305,0,0,0,0,0,1524305, 
Jeremy Evans, ATL,50000,0,0,0,0,0,50000, 
Jeremy Lamb, CHO,7000000,7488372,0,0,0,0,14488372, 
Jeremy Lin, BRK,12000000,12516746,0,0,0,0,24516746, 
Jerian Grant, CHI,1713840,2639314,0,0,0,0,4353154, 
Jerryd Bayless, PHI,9000000,8575916,0,0,0,0,17575916, 
Jimmy Butler, MIN,19301070,20445779,19841627,0,0,0,39746849, 
Joakim Noah, NYK,17765000,18530000,19295000,0,0,0,55590000, 
Jodie Meeks, WAS,3290000,3454500,0,0,0,0,3290000, 
Joe Harris, BRK,1524305,0,0,0,0,0,1524305, 
Joe Ingles, UTA,14136364,13045455,11954546,10863637,0,0,50000002, 
Joe Johnson, SAC,9505000,0,0,0,0,0,9505000, 
Joe Young, IND,1471382,1600520,0,0,0,0,1471382, 
Joel Bolomboy, UTA,1312611,0,0,0,0,0,1312611, 
Joel Embiid, PHI,6100266,25250000,27270000,29290000,31310000,0,6100266, 
Joffrey Lauvergne, SAS,1524305,1656092,0,0,0,0,1524305, 
John Collins, ATL,1936920,2299080,2686560,4137302,0,0,4236000, 
John Henson, MIL,11422536,10577466,9732396,0,0,0,31732398, 
John Wall, WAS,18063850,19169800,37800000,40824000,43848000,0,159705650, 
Johnny O'Bryant, NYK,1524305,0,0,0,0,0,1524305, 
Jon Leuer, DET,10497319,10002681,9508043,0,0,0,30008043, 
Jonas Jerebko, UTA,4000000,4200000,0,0,0,0,4000000, 
Jonas Valanciunas, TOR,15460675,16539326,17617977,0,0,0,32000001, 
Jonathan Isaac, ORL,4186320,4969080,5806440,7362566,0,0,9155400, 
Jonathon Simmons, ORL,6300000,6000000,5700000,0,0,0,13300000, 
Jordan Bell, GSW,815615,1378252,0,0,0,0,2193867, 
Jordan Clarkson, CLE,11562500,12500000,13437500,0,0,0,37500000, 
Jordan Crawford, NOP,250000,0,0,0,0,0,250000, 
Jordan Farmar, LAC,510921,0,0,0,0,0,510921, 
Jordan Mickey, MIA,1471382,1600520,0,0,0,0,1471382, 
Jose Calderon, CLE,2328652,0,0,0,0,0,2328652, 
Josh Gray, PHO,92160,0,0,0,0,0,92160, 
Josh Hart, LAL,1394520,1655160,1934160,3491159,0,0,3049680, 
Josh Huestis, OKC,1471382,0,0,0,0,0,1471382, 
Josh Jackson, PHO,5090040,6041520,7059480,8930242,0,0,11131560, 
Josh McRoberts, DAL,6021175,0,0,0,0,0,6021175, 
Josh Richardson, MIA,1471382,9300000,10100000,10800000,11600000,0,31671382, 
Josh Smith, DET,7500000,5400000,5400000,0,0,0,18300000, 
Jrue Holiday, NOP,25686667,26131111,26131111,26131111,27020000,0,104080000, 
Juan Hernangomez, DEN,2076840,2166360,3321030,0,0,0,4243200, 
Julius Randle, LAL,4149242,0,0,0,0,0,4149242, 
Julyan Stone, CHO,1524305,1656092,0,0,0,0,1524305, 
Justin Anderson, PHI,1579440,2516048,0,0,0,0,4095488, 
Justin Hamilton, TOR,1000000,1000000,1000000,0,0,0,3000000, 
Justin Holiday, CHI,4615385,4384616,0,0,0,0,9000001, 
Justin Jackson, SAC,2365560,2807880,3280920,5029650,0,0,5173440, 
Justin Patton, MIN,2247480,2667600,3117240,4781846,0,0,4915080, 
Justise Winslow, MIA,2705040,3448926,0,0,0,0,6153966, 
Jusuf Nurkic, POR,2947305,0,0,0,0,0,2947305, 
K.J. McDaniels, TOR,100000,0,0,0,0,0,100000, 
Karl-Anthony Towns, MIN,6216840,7839435,0,0,0,0,6216840, 
Kawhi Leonard, SAS,18868625,20099189,21329752,0,0,0,38967814, 
Kay Felder, CHI,1312611,1544951,0,0,0,0,456529, 
Kelly Olynyk, MIA,10607169,11137527,11667885,12198243,0,0,33412581, 
Kelly Oubre, WAS,2093040,3208630,0,0,0,0,5301670, 
Kemba Walker, CHO,12000000,12000000,0,0,0,0,24000000, 
Kenneth Faried, DEN,12921348,13764045,0,0,0,0,26685393, 
Kent Bazemore, ATL,16910113,18089887,19269662,0,0,0,35000000, 
Kentavious Caldwell-Pope, LAL,17745894,0,0,0,0,0,17745894, 
Kevin Durant, GSW,25000000,26250000,0,0,0,0,25000000, 
Kevin Love, CLE,22642350,24119025,25595700,0,0,0,46761375, 
Kevin Martin, MIN,1360305,1360305,0,0,0,0,2720610, 
Kevon Looney, GSW,1471382,0,0,0,0,0,1471382, 
Khem Birch, ORL,815615,1378242,0,0,0,0,815615, 
Khris Middleton, MIL,14100000,13000000,13000000,0,0,0,27100000, 
Klay Thompson, GSW,17826150,18988725,0,0,0,0,36814875, 
Kosta Koufos, SAC,8393000,8739500,0,0,0,0,8393000, 
Kris Dunn, CHI,4046760,4221000,5348007,0,0,0,8267760, 
Kristaps Porzingis, NYK,4503600,5697054,0,0,0,0,10200654, 
Kyle Anderson, SAS,2151704,0,0,0,0,0,2151704, 
Kyle Collinsworth, DAL,92160,0,0,0,0,0,142160, 
Kyle Korver, CLE,7000000,7560000,7500000,0,0,0,18000000, 
Kyle Kuzma, LAL,1423560,1689840,1974600,3562178,0,0,3113400, 
Kyle Lowry, TOR,28703704,31000000,33296296,0,0,0,93000000, 
Kyle O'Quinn, NYK,4087500,4256250,0,0,0,0,4087500, 
Kyle Singler, OKC,4666500,4996000,5333500,0,0,0,9662500, 
Kyrie Irving, BOS,18868625,20099188,21329750,0,0,0,38967813, 
LaMarcus Aldridge, SAS,21461010,22347015,26000000,0,0,0,69808025, 
Lance Stephenson, IND,4180000,4360000,0,0,0,0,4180000, 
Lance Thomas, NYK,6655325,7119650,7583975,0,0,0,13774975, 
Langston Galloway, DET,6666667,7000000,7333333,0,0,0,21000000, 
Larry Nance, CLE,1471382,2272391,0,0,0,0,3743773, 
Larry Sanders, MIL,1865547,1865547,1865547,1865547,1865547,0,9327735, 
Lauri Markkanen, CHI,3821640,4536120,5300400,6731508,0,0,8357760, 
Leandro Barbosa, PHO,500000,0,0,0,0,0,500000, 
LeBron James, CLE,33285709,35607968,0,0,0,0,33285709, 
Livio Jean-Charles, SAS,1035200,0,0,0,0,0,1035200, 
Lonzo Ball, LAL,6286560,7461960,8719320,11003782,0,0,13748520, 
Lou Williams, LAC,7000000,8000000,8000000,1500000,0,0,23000000, 
Luc Mbah, HOU,2116955,0,0,0,0,0,2116955, 
Lucas Nogueira, TOR,2947305,0,0,0,0,0,2947305, 
Luis Montero, DET,50000,0,0,0,0,0,50000, 
Luke Babbitt, MIA,1974159,0,0,0,0,0,987080, 
Luke Kennard, DET,2759280,3275280,3827160,5273826,0,0,6034560, 
Luol Deng, LAL,17190000,18000000,18810000,0,0,0,54000000, 
Malachi Richardson, TOR,1504560,1569360,2581597,0,0,0,3073920, 
Malcolm Brogdon, MIL,1312611,1544951,0,0,0,0,1312611, 
Malcolm Delaney, ATL,2500000,0,0,0,0,0,2500000, 
Malik Beasley, DEN,1700640,1773840,2731714,0,0,0,3474480, 
Malik Monk, CHO,2904480,3447480,4028400,5345687,0,0,6351960, 
Manu Ginobili, SAS,2500000,2500000,0,0,0,0,5000000, 
Marc Gasol, MEM,22642350,24119025,25595700,0,0,0,46761375, 
Marcin Gortat, WAS,12782609,13565218,0,0,0,0,26347827, 
Marco Belinelli, ATL,6306060,0,0,0,0,0,6306060, 
Marcus Georges-Hunt, MIN,1312611,0,0,0,0,0,1312611, 
Marcus Morris, BOS,5000000,5375000,0,0,0,0,10375000, 
Marcus Smart, BOS,4538020,0,0,0,0,0,4538020, 
Mario Chalmers, MEM,2106407,0,0,0,0,0,2106407, 
Mario Hezonja, ORL,4078320,0,0,0,0,0,4078320, 
Markelle Fultz, PHI,7026240,8339880,9745200,12288697,0,0,15366120, 
Markieff Morris, WAS,8000000,8600000,0,0,0,0,16600000, 
Marquese Chriss, PHO,3073800,3206160,4078236,0,0,0,6279960, 
Marreese Speights, ORL,2116955,0,0,0,0,0,2116955, 
Marshall Plumlee, NYK,100000,0,0,0,0,0,100000, 
Martell Webster, WAS,830000,830000,0,0,0,0,1660000, 
Marvin Williams, CHO,13168750,14087500,15006250,0,0,0,27256250, 
Mason Plumlee, DEN,14041096,12917808,14041096,0,0,0,41000000, 
Matt Barnes, SAC,2133542,2133542,2133541,0,0,0,6400625, 
Matt Williams, MIA,50000,0,0,0,0,0,50000, 
Matthew Dellavedova, MIL,9607500,9607500,9607500,0,0,0,28822500, 
Maurice Harkless, POR,10162922,10837079,11511234,0,0,0,32511235, 
Maxi Kleber, DAL,815615,1378242,0,0,0,0,815615, 
Meyers Leonard, POR,9904495,10595506,11286515,0,0,0,31786516, 
Michael Beasley, NYK,2116955,0,0,0,0,0,2116955, 
Michael Carter-Williams, CHO,2700000,0,0,0,0,0,2700000, 
Michael Gbinije, DET,500000,0,0,0,0,0,500000, 
Michael Kidd-Gilchrist, CHO,13000000,13000000,13000000,0,0,0,26000000, 
Michael Young, WAS,50000,0,0,0,0,0,50000, 
Mike Conley, MEM,28530608,30521115,32511623,34504132,0,0,113989729, 
Mike Dunleavy, ATL,1662500,0,0,0,0,0,1662500, 
Mike James, PHO,87552,0,0,0,0,0,87552, 
Mike Muscala, ATL,5000000,5000000,0,0,0,0,5000000, 
Mike Scott, WAS,1709538,0,0,0,0,0,1709538, 
Miles Plumlee, ATL,12500000,12500000,12500000,0,0,0,37500000, 
Milos Teodosic, LAC,6000000,6300000,0,0,0,0,6000000, 
Mindaugas Kuzminskas, NYK,3025035,0,0,0,0,0,3025035, 
Miroslav Raduljica, LAC,300000,300000,0,0,0,0,600000, 
Mirza Teletovic, MIL,10500000,10500000,0,0,0,0,21000000, 
Monta Ellis, IND,2245400,2245400,2245400,2245400,2245400,0,11227000, 
Montrezl Harrell, LAC,1471382,0,0,0,0,0,1471382, 
Myles Turner, IND,2569920,3410284,0,0,0,0,5980204, 
Nate Wolters, UTA,50000,0,0,0,0,0,50000, 
Naz Mitrou-Long, UTA,50000,0,0,0,0,0,96080, 
Nemanja Bjelica, MIN,3949999,0,0,0,0,0,3949999, 
Nene Hilario, HOU,3477600,3651480,3825360,0,0,0,10954440, 
Nerlens Noel, DAL,4187599,0,0,0,0,0,4187599, 
Nick Collison, OKC,2328652,0,0,0,0,0,2328652, 
Nick Young, GSW,5192000,0,0,0,0,0,5192000, 
Nicolas Batum, CHO,22434783,24000000,25565217,27130434,0,0,72000000, 
Nicolas Brussino, ATL,1312611,0,0,0,0,0,1312611, 
Nigel Hayes, NYK,50000,0,0,0,0,0,50000, 
Nik Stauskas, BRK,3807146,0,0,0,0,0,3807146, 
Nikola Jokic, DEN,1471382,1600520,0,0,0,0,1471382, 
Nikola Mirotic, NOP,12500000,12500000,0,0,0,0,25000000, 
Nikola Pekovic, MIN,11600000,0,0,0,0,0,11600000, 
Nikola Vucevic, ORL,12250000,12750000,0,0,0,0,25000000, 
Noah Vonleh, CHI,3505233,0,0,0,0,0,3505233, 
Norman Powell, TOR,1471382,9367200,10116576,10865952,11615328,0,31821110, 
OG Anunoby, TOR,1645200,1952760,2281800,3872215,0,0,3597960, 
Okaro White, ATL,1312611,0,0,0,0,0,1312611, 
Omer Asik, CHI,10595505,11286516,11977527,0,0,0,24882021, 
Omri Casspi, GSW,2106470,0,0,0,0,0,2106470, 
Otto Porter, WAS,24773250,26011913,27250576,28489239,0,0,78035739, 
P.J. Tucker, HOU,7590035,7969537,8349039,7969537,0,0,26477799, 
Pascal Siakam, TOR,1312611,1544951,2351839,0,0,0,2857562, 
Pat Connaughton, POR,1471382,0,0,0,0,0,1471382, 
Patrick Beverley, LAC,5513514,5027028,0,0,0,0,5513514, 
Patrick McCaw, GSW,1312611,0,0,0,0,0,1312611, 
Patrick Patterson, OKC,5192000,5451600,5711200,0,0,0,10643600, 
Patty Mills, SAS,10714286,11571429,12428571,13285714,0,0,48000000, 
Pau Gasol, SAS,16000000,16000000,16000000,0,0,0,38700000, 
Paul George, OKC,19508958,20703384,0,0,0,0,19508958, 
Paul Millsap, DEN,31269231,29730769,30500000,0,0,0,61000000, 
Paul Pierce, LAC,1096080,0,0,0,0,0,1096080, 
Paul Zipser, CHI,1312611,1544951,1676735,0,0,0,1312611, 
Quincy Acy, BRK,1709538,0,0,0,0,0,0, 
Quincy Pondexter, CHI,3853931,0,0,0,0,0,3853931, 
Quinn Cook, ATL,100000,0,0,0,0,0,100000, 
Rade Zagorac, MEM,950000,1378242,0,0,0,0,2328242, 
Rajon Rondo, NOP,6300000,0,0,0,0,0,6300000, 
Rakeem Christmas, IND,172552,0,0,0,0,0,172552, 
Ramon Sessions, NYK,2328652,0,0,0,0,0,2328652, 
Rashad Vaughn, NOP,1889040,0,0,0,0,0,1889040, 
Raul Neto, UTA,1471382,0,0,0,0,0,1471382, 
Raymond Felton, OKC,2328652,0,0,0,0,0,2328652, 
Reggie Bullock, DET,2500000,2500000,0,0,0,0,2500000, 
Reggie Jackson, DET,16000000,17043478,18086956,0,0,0,51130434, 
Richard Jefferson, DEN,5000000,0,0,0,0,0,5000000, 
Richaun Holmes, PHI,1471382,1600520,0,0,0,0,1471382, 
Ricky Rubio, UTA,14275000,14975000,0,0,0,0,29250000, 
Robert Covington, PHI,16698103,10464092,11301219,12138345,12975471,0,63577230, 
Robin Lopez, CHI,13788500,14357750,0,0,0,0,28146250, 
Rodney Hood, CLE,2386864,0,0,0,0,0,2386864, 
Rodney McGruder, MIA,1312611,1544951,0,0,0,0,1312611, 
Ron Baker, NYK,4328000,4544400,0,0,0,0,4328000, 
Rondae Hollis-Jefferson, BRK,1471382,2470357,0,0,0,0,3941739, 
Ronnie Price, OKC,2442455,0,0,0,0,0,2442455, 
Royce O'Neale, UTA,815615,1378242,1618520,0,0,0,815615, 
Rudy Gay, SAS,8406000,8826300,0,0,0,0,8406000, 
Rudy Gobert, UTA,21974719,23491573,25008427,26525281,0,0,97000000, 
Russell Westbrook, OKC,28530608,35350000,38178000,41006000,43848000,0,186912608, 
Ryan Anderson, HOU,19578455,20421546,21264635,0,0,0,61264636, 
Salah Mejri, DAL,1471382,0,0,0,0,0,1471382, 
Sam Dekker, LAC,1794600,2760095,0,0,0,0,4554695, 
Sean Kilpatrick,MIL,2000000,0,0,0,0,0,2000000, 
Semi Ojeleye, BOS,1291892,1378242,1618520,1752950,0,0,2193857, 
Serge Ibaka, TOR,20061729,21666667,23271604,0,0,0,65000000, 
Seth Curry, DAL,3028410,0,0,0,0,0,3028410, 
Shabazz Muhammad, MIN,1577230,1795015,0,0,0,0,1577230, 
Shabazz Napier, POR,2361360,0,0,0,0,0,2361360, 
Shane Larkin, BOS,1524305,0,0,0,0,0,1524305, 
Shaun Livingston, GSW,7692308,8307692,7692308,0,0,0,18000000, 
Sheldon Mac, ATL,1312611,0,0,0,0,0,1312611, 
Shelvin Mack, ORL,6000000,6000000,0,0,0,0,6000000, 
Sindarius Thornwell, LAC,815615,1378242,1618520,0,0,0,2193857, 
Skal Labissiere, SAC,1312611,1544951,2338847,0,0,0,2857562, 
Solomon Hill, NOP,12236535,12752928,13258781,0,0,0,38248244, 
Spencer Dinwiddie, BRK,1524305,1656092,0,0,0,0,1524305, 
Spencer Hawes, MIL,6021175,0,0,0,0,0,6021175, 
Stanley Johnson, DET,3097800,3940402,0,0,0,0,7038202, 
Stephen Curry, GSW,34682550,37457154,40231758,43006362,45780966,0,201158790, 
Stephen Zimmerman, LAL,1312611,0,0,0,0,0,0, 
Sterling Brown, MIL,815615,1378242,1618520,0,0,0,2193857, 
Steven Adams, OKC,22471910,24157303,25842697,27528090,0,0,100000000, 
T.J. Leaf, IND,2028360,2407560,2813280,4326825,0,0,4435920, 
T.J. McConnell, PHI,1471382,1600520,0,0,0,0,1471382, 
T.J. Warren, PHO,3152931,11750000,10810000,11750000,12690000,0,50152931, 
Taj Gibson, MIN,14000000,14000000,0,0,0,0,28000000, 
Tarik Black, HOU,3290000,0,0,0,0,0,3290000, 
Taurean Waller-Prince, ATL,2422560,2526840,3481986,0,0,0,4949400, 
Terrance Ferguson, OKC,1785000,2118840,2475840,3944013,0,0,3903840, 
Terrence Ross, ORL,10500000,10500000,0,0,0,0,21000000, 
Terry Rozier, BOS,1988520,3050390,0,0,0,0,5038910, 
Thabo Sefolosha, UTA,5250000,5250000,0,0,0,0,5250000, 
Thaddeus Young, IND,14796348,13764045,0,0,0,0,14796348, 
Thomas Bryant, LAL,815615,1378242,0,0,0,0,815615, 
Thon Maker, MIL,2684160,2799720,3569643,0,0,0,5483880, 
Tibor Pleiss, PHI,500000,0,0,0,0,0,500000, 
Tim Duncan, SAS,1881250,1881250,0,0,0,0,3762500, 
Tim Frazier, WAS,2000000,0,0,0,0,0,2000000, 
Tim Hardaway, NYK,16500000,17325000,18150000,18975000,0,0,51975000, 
Timofey Mozgov, BRK,15280000,16000000,16720000,0,0,0,48000000, 
Timothe Luwawu-Cabarrot, PHI,1386600,1544951,2529684,0,0,0,2931551, 
Tobias Harris, LAC,16000000,14800000,0,0,0,0,30800000, 
Tomas Satoransky, WAS,3000000,3129187,0,0,0,0,6129187, 
Tony Allen, CHI,2116955,0,0,0,0,0,2116955, 
Tony Bradley, UTA,1414920,1679520,1962360,3542060,0,0,3094440, 
Tony Parker, SAS,15453126,0,0,0,0,0,15453126, 
Tony Snell, MIL,9821429,10607143,11392857,12178571,0,0,31821429, 
Treveon Graham, CHO,1312611,0,0,0,0,0,1312611, 
Trevor Ariza, HOU,7420912,0,0,0,0,0,7420912, 
Trevor Booker, PHI,9125000,0,0,0,0,0,9125000, 
Trey Burke, NYK,784160,1795015,0,0,0,0,784160, 
Trey Lyles, DEN,2441400,3364249,0,0,0,0,5805649, 
Tristan Thompson, CLE,16400000,17469565,18539130,0,0,0,52408695, 
Troy Daniels, PHO,3408520,3258540,0,0,0,0,6667060, 
Troy Williams, HOU,1471382,1544951,1676735,0,0,0,2085087, 
Tyler Cavanaugh, ATL,679919,1378242,0,0,0,0,729919, 
Tyler Dorsey, ATL,815615,1378242,0,0,0,0,2193857, 
Tyler Ennis, LAL,1524305,1656092,0,0,0,0,1524305, 
Tyler Johnson, MIA,5881260,19245370,19245370,0,0,0,25126630, 
Tyler Lydon, DEN,1579440,1874640,2190720,0,0,0,3454080, 
Tyler Ulis, PHO,1312611,1544951,1676735,0,0,0,1312611, 
Tyler Zeller, MIL,1709538,1933941,0,0,0,0,1709538, 
Tyreke Evans, MEM,3290000,0,0,0,0,0,3290000, 
Tyson Chandler, PHO,13000000,13585000,0,0,0,0,26585000, 
Tyus Jones, MIN,1471382,2444053,0,0,0,0,3915435, 
Udonis Haslem, MIA,2328652,0,0,0,0,0,2328652, 
V.J. Beachem, LAL,50000,0,0,0,0,0,50000, 
Vander Blue, LAL,50000,0,0,0,0,0,50000, 
Victor Oladipo, IND,21000000,21000000,21000000,21000000,0,0,84000000, 
Vince Carter, SAC,8000000,0,0,0,0,0,8000000, 
Vince Hunter, MEM,50000,0,0,0,0,0,50000, 
Wade Baldwin, MEM,1874400,0,0,0,0,0,1874400, 
Wayne Ellington, MIA,6270000,0,0,0,0,0,6270000, 
Wayne Selden, MEM,1312611,1544951,0,0,0,0,2085087, 
Wesley Iwundu, ORL,1050000,1378242,1618520,0,0,0,2428242, 
Wesley Johnson, LAC,5881260,6134000,0,0,0,0,5881260, 
Wesley Matthews, DAL,17884176,18622514,0,0,0,0,17884176, 
Will Barton, DEN,3533333,0,0,0,0,0,3533333, 
Willie Cauley-Stein, SAC,3704160,4696875,0,0,0,0,8401035, 
Willie Reed, CHI,1577230,0,0,0,0,0,1577230, 
Willy Hernangomez, CHO,1435750,1544951,1701735,0,0,0,2980701, 
Wilson Chandler, DEN,12016854,12800562,0,0,0,0,12016854, 
Yakuba Ouattara, BRK,50000,0,0,0,0,0,50000, 
Yogi Ferrell, DAL,1312611,0,0,0,0,0,1312611, 
Zach Collins, POR,3057240,3628920,4240200,5406255,0,0,6686160, 
Zach LaVine, CHI,3202217,0,0,0,0,0,3202217, 
Zach Randolph, SAC,12307692,11692308,0,0,0,0,24000000, 
Zaza Pachulia, GSW,3477600,0,0,0,0,0,3477600, 
Zhou Qi, HOU,815615,1378242,1618520,1752950,0,0,815615, 