Antonius Cleveland,SG,ATL,133632,1511874,0,0,0,0,0,2,2019,62,24
DeAndre' Bembry,SG,ATL,1499760,3066960,4701600,0,0,0,0,3,2020,69,23
Dennis Schršder,PG,ATL,15500000,31000000,46500000,62000000,0,0,0,4,2021,83,24
Dewayne Dedmon,C,ATL,6000000,12300000,0,0,0,0,0,2,2019,75,28
Jaylen Morris,G,ATL,101376,1479618,0,0,0,0,0,2,2019,62,22
John Collins,PF,ATL,1936920,4236000,0,0,0,0,0,2,2021,80,20
Kent Bazemore,SF,ATL,15730338,32640451,50730338,70000000,0,0,0,4,2020,78,29
Kevin Huerter,SG,ATL,2250960,4887240,0,0,0,0,0,2,2022,71,19
Mike Muscala,PF,ATL,5000000,10000000,0,0,0,0,0,2,2019,71,27
Miles Plumlee,C,ATL,7132353,19632353,32132353,44632353,0,0,0,4,2020,73,29
Omari Spellman,PF,ATL,1620480,3518280,0,0,0,0,0,2,2022,71,20
Taurean Prince,SF,ATL,2318280,4740840,7267680,0,0,0,0,3,2020,75,23
Trae Young,PG,ATL,5356440,11629440,0,0,0,0,0,2,2022,79,19
Tyler Dorsey,SG,ATL,815615,2193857,0,0,0,0,0,2,2019,65,22
Allen Crabbe,SG,BKN,18500000,37832500,56332500,74832500,0,0,0,4,2020,76,26
Caris LeVert,SG,BKN,1562280,3194760,4897560,0,0,0,0,3,2020,74,23
D'Angelo Russell,PG,BKN,5103120,10435920,15998280,23017978,0,0,0,4,2019,81,22
DeMarre Carroll,SF,BKN,13600000,27800000,42600000,58000000,0,0,0,4,2019,76,31
Dwight Howard,C,BKN,23180275,46680275,70500000,0,0,0,0,3,2019,83,32
Ed Davis,PF,BKN,4400000,0,0,0,0,0,0,1,2019,74,29
Isaiah Whitehead,PG,BKN,1074145,2386756,3931707,5608442,0,0,0,4,2020,74,23
Jarrett Allen,C,BKN,1713720,3747840,0,0,0,0,0,2,2021,73,20
Jeremy Lin,PG,BKN,11483254,23483254,36000000,0,0,0,0,3,2019,74,29
Joe Harris,SG,BKN,7692308,16000000,0,0,0,0,0,2,2020,79,26
Rondae Hollis-Jefferson,SF,BKN,1335480,2731080,4202462,6672819,0,0,0,4,2019,76,23
Spencer Dinwiddie,PG,BKN,726672,2250977,3907069,0,0,0,0,3,2019,77,25
Abdel Nader,SF,BOS,1167333,2545575,4164095,0,0,0,0,3,2021,71,24
Al Horford,C,BOS,26540100,54274505,83203214,113326228,0,0,0,4,2020,86,32
Aron Baynes,C,BOS,5365854,11000000,0,0,0,0,0,2,2020,76,31
Brad Wanamaker,PG,BOS,831311,0,0,0,0,0,0,1,2019,68,28
Daniel Theis,PF,BOS,815615,2193857,0,0,0,0,0,2,2019,76,26
Gordon Hayward,SG,BOS,29727900,60942195,93642885,127829970,0,0,0,4,2021,84,28
Guerschon Yabusele,PF,BOS,2247480,4915080,0,0,0,0,0,2,2021,71,22
Jaylen Brown,SF,BOS,4743000,9699480,14869440,0,0,0,0,3,2020,82,21
Jayson Tatum,SF,BOS,5645400,12346200,0,0,0,0,0,2,2021,83,20
Kyrie Irving,PG,BOS,16407500,34045563,52914188,73013376,94343126,0,0,5,2020,91,26
Marcus Morris,PF,BOS,5000000,9625000,14625000,20000000,0,0,0,4,2019,80,28
Semi Ojeleye,PF,BOS,1291892,2670134,4288654,6041604,0,0,0,4,2021,74,23
Terry Rozier,PG,BOS,1824360,3730800,5719320,8769710,0,0,0,4,2019,78,24
Cody Zeller,PF,CHA,12584270,26112360,40584270,56000000,0,0,0,4,2021,72,25
Dwayne Bacon,SG,CHA,815615,2193857,3812377,0,0,0,0,3,2020,72,22
Frank Kaminsky,PF,CHA,2612520,5342520,8190120,11817962,0,0,0,4,2019,77,25
Jeremy Lamb,SG,CHA,6511628,13511628,21000000,0,0,0,0,3,2019,76,26
Kemba Walker,PG,CHA,12000000,24000000,36000000,48000000,0,0,0,4,2019,84,28
Malik Monk,SG,CHA,2904480,6351960,0,0,0,0,0,2,2021,73,20
Marvin Williams,PF,CHA,12250000,25418750,39506250,54512500,0,0,0,4,2020,73,32
Michael Kidd-Gilchrist,SF,CHA,13000000,26000000,39000000,52000000,0,0,0,4,2020,75,24
Miles Bridges,SF,CHA,3206640,6962040,0,0,0,0,0,2,2022,76,20
Nicolas Batum,SG,CHA,20869565,43304348,67304348,92869565,120000000,0,0,5,2021,81,29
Timofey Mozgov,C,CHA,16000000,31280000,47280000,64000000,0,0,0,4,2020,71,31
Tony Parker,PG,CHA,5000000,5000000,0,0,0,0,0,2,2020,73,36
Willy Hernangomez,C,CHA,1375000,1886030,3382530,4939780,0,0,0,4,2020,79,24
Bobby Portis,PF,CHI,1391160,2844840,4361160,6855506,0,0,0,4,2019,73,23
Cameron Payne,PG,CHI,2021520,2630411,4833851,8097146,0,0,0,4,2019,73,23
Cristiano Felicio,PF,CHI,7843500,16314480,24470980,32000000,0,0,0,4,2021,69,25
Denzel Valentine,SG,CHI,2092200,4278600,6559200,0,0,0,0,3,2020,75,24
Jerian Grant,PG,CHI,1643040,3356880,5996194,0,0,0,0,4,2019,72,25
Justin Holiday,SG,CHI,4615385,9000000,0,0,0,0,0,2,2019,73,29
Kris Dunn,PG,CHI,3872520,7919280,12140280,0,0,0,0,3,2020,77,24
Lauri Markkanen,PF,CHI,3821640,8357760,0,0,0,0,0,2,2021,82,21
Omer Asik,C,CHI,9213483,19117977,23248428,34534944,46512471,0,0,5,2020,67,31
Paul Zipser,SF,CHI,750000,2062611,3607562,5284297,0,0,0,4,2020,71,24
Robin Lopez,C,CHI,13219250,27007750,41365500,0,0,0,0,4,2019,72,30
Sean Kilpatrick,SG,CHI,2163006,4217862,6272718,0,0,0,0,3,2020,77,28
Ante Zizic,C,CLE,1645200,3597960,0,0,0,0,0,2,2021,72,21
Cedi Osman,SF,CLE,2634921,5409921,8317064,0,0,0,0,3,2020,73,23
George Hill,PG,CLE,7118644,26118644,44118644,0,0,0,0,3,2020,78,32
J.R. Smith,SG,CLE,12800000,26560000,41280000,56960000,0,0,0,4,2020,74,32
Jordan Clarkson,PG,CLE,12500000,16615466,29115466,42552966,0,0,0,4,2020,77,26
Kendrick Perkins,C,CLE,13156,2386622,0,0,0,0,0,2,2019,66,33
Kevin Love,C,CLE,19689000,40854675,63497025,87616050,113211750,0,0,5,2020,84,29
Kyle Korver,SG,CLE,7000000,14560000,22060000,0,0,0,0,3,2020,78,37
Larry Nance Jr.,PF,CLE,1155600,2363280,2886992,5159383,0,0,0,4,2019,73,25
Okaro White,PF,CLE,37079,1582030,0,0,0,0,0,2,2019,63,25
Tristan Thompson,C,CLE,14260870,29591305,45991305,63460870,82000000,0,0,5,2020,77,27
DeAndre Jordan,C,DAL,24100000,0,0,0,0,0,0,1,2019,82,30
Dennis Smith Jr.,PG,DAL,3218280,7038240,0,0,0,0,0,2,2021,79,20
Dorian Finney-Smith,SF,DAL,543471,1856082,3401033,0,0,0,0,3,2019,66,25
Dwight Powell,PF,DAL,8375000,17378125,27009375,37268750,0,0,0,4,2020,76,26
Harrison Barnes,SF,DAL,22116750,45228754,69336012,94438525,0,0,0,4,2020,84,26
Jose Barea,PG,DAL,4290000,8386950,12290850,16001700,0,0,0,4,2019,71,34
Kyle Collinsworth,PG,DAL,290304,1668546,3287066,0,0,0,0,3,2020,66,26
Maxi Kleber,PF,DAL,815615,2193857,0,0,0,0,0,2,2019,67,26
Salah Mejri,C,DAL,1567007,0,0,0,0,0,0,1,2019,65,32
Wesley Matthews,SG,DAL,16407500,33553338,51437513,70060026,0,0,0,4,2019,80,31
Darrell Arthur,PF,DEN,8070175,15535087,22999999,0,0,0,0,3,2019,66,30
Gary Harris,SG,DEN,16517857,34357143,53517857,74000000,0,0,0,4,2022,82,23
Jamal Murray,PG,DEN,3210840,6566160,10065960,0,0,0,0,3,2020,82,21
Juan Hernangomez,PF,DEN,1987440,4064280,6230640,0,0,0,0,3,2020,77,22
Kenneth Faried,PF,DEN,11235955,23314607,36235955,50000000,0,0,0,4,2019,74,28
Malik Beasley,SG,DEN,1627320,3327960,5101800,7833514,0,0,0,4,2020,68,21
Mason Plumlee,C,DEN,14041096,26958904,41000000,0,0,0,0,3,2020,73,28
Michael Porter Jr.,SF,DEN,2894160,6283560,0,0,0,0,0,2,2022,79,0
Nikola Jokic,C,DEN,25467250,52971880,82513890,114093280,147710050,0,0,5,2023,87,23
Paul Millsap,PF,DEN,31269231,61000000,0,0,0,0,0,2,2020,83,33
Trey Lyles,PF,DEN,2239800,4580400,7021800,10386049,0,0,0,4,2019,78,22
Tyler Lydon,PF,DEN,1579440,3454080,0,0,0,0,0,2,2021,70,22
Will Barton,SG,DEN,12053571,25071428,39053571,54000000,0,0,0,4,2022,77,27
Andre Drummond,C,DET,22116750,45892256,71326519,98419538,127171313,0,0,5,2021,86,24
Blake Griffin,PF,DET,12005247,44094179,78544143,115355139,154312167,0,0,5,2022,85,29
Dwight Buycks,PG,DET,748160,2348680,0,0,0,0,0,2,2019,67,29
Eric Moreland,PF,DET,1739333,3565633,5478899,0,0,0,0,3,2020,64,26
Glen Robinson III,SG,DET,4048780,0,0,0,0,0,0,2,2020,75,24
Henry Ellenson,PF,DET,1704120,3484920,5342400,0,0,0,0,3,2020,66,21
Ishmael Smith,PG,DET,6000000,12000000,18000000,0,0,0,0,3,2019,69,29
Jon Leuer,PF,DET,10991957,21489276,31491957,41000000,0,0,0,4,2020,70,29
Jose Calderon,PG,DET,2393887,0,0,0,0,0,0,1,2019,73,36
Langston Galloway,PG,DET,6666667,13666667,21000000,0,0,0,0,3,2020,71,26
Luke Kennard,SG,DET,2759280,6034560,0,0,0,0,0,2,2021,74,22
Reggie Bullock,SF,DET,2500000,5000000,0,0,0,0,0,2,2019,78,27
Reggie Jackson,PG,DET,13913043,28869565,44869565,61913043,80000000,0,0,5,2020,76,28
Stanley Johnson,SF,DET,2841960,5811840,8909640,12850042,0,0,0,4,2019,75,22
Andre Iguodala,SF,GSW,14814815,30814815,48000000,0,0,0,0,3,2020,80,34
Damian Jones,C,GSW,1171560,2484171,4029122,0,0,0,0,3,2020,68,23
DeMarcus Cousins,C,GSW,5337000,0,0,0,0,0,0,1,2019,90,27
Draymond Green,PF,GSW,14260870,29591305,45991305,63460870,82000000,0,0,5,2020,86,28
Jacob Evans,SG,GSW,1644240,3570120,0,0,0,0,0,2,2022,68,21
Jordan Bell,PF,GSW,815615,2193857,0,0,0,0,0,2,2019,74,23
Kevin Durant,SF,GSW,30000000,61500000,0,0,0,0,0,2,2020,94,29
Kevon Looney,SF,GSW,1131960,2314800,3786182,0,0,0,0,3,2019,71,22
Klay Thompson,SG,GSW,15501000,32164575,49990725,68979450,0,0,0,4,2019,88,28
Quinn Cook,PG,GSW,14832,1559783,0,0,0,0,0,2,2019,71,25
Shaun Livingston,PG,GSW,7692308,16000000,23692308,0,0,0,0,3,2020,76,32
Stephen Curry,PG,GSW,34682550,72139704,112371462,155377824,201158790,0,0,5,2022,93,30
Aaron Jackson,G,HOU,4608,1382850,0,0,0,0,0,2,2019,64,32
Chinanu Onuaku,C,HOU,543471,1856082,3401033,0,0,0,0,3,2019,67,21
Chris Paul,PG,HOU,35654150,74160632,115519446,159730592,0,0,0,4,2022,86,33
Eric Gordon,SG,HOU,12385364,25328384,38828759,52886489,0,0,0,4,2020,83,29
Gerald Green,SG,HOU,2393887,0,0,0,0,0,0,1,2019,75,32
James Harden,SG,HOU,37800000,78624000,122472000,169344000,0,0,0,4,2023,96,28
Michael Carter-Williams,PG,HOU,1757429,0,0,0,0,0,0,1,2019,73,26
Nene Hilario,C,HOU,3477600,7129080,10954440,0,0,0,0,3,2020,74,35
P.J. Tucker,SF,HOU,7590035,15559572,23908611,31878148,0,0,0,4,2021,77,33
Ryan Anderson,PF,HOU,18735363,38313817,58735363,80000000,0,0,0,4,2020,78,30
Zhou Qi,PF,HOU,815615,2193857,3812377,5565327,0,0,0,4,2021,70,22
Aaron Holiday,PF,IND,1911960,4151160,0,0,0,0,0,2,2022,68,21
Alex Poythress,SF,IND,778668,2323619,0,0,0,0,0,2,2019,72,24
Bojan Bogdanovic,SF,IND,10500000,21000000,0,0,0,0,0,2,2019,77,29
Cory Joseph,PG,IND,7000000,14315000,21945000,29890000,0,0,0,4,2019,75,26
Darren Collison,PG,IND,10000000,20000000,0,0,0,0,0,2,2019,79,30
Domantas Sabonis,PF,IND,2440200,4990200,7650000,0,0,0,0,2,2020,76,22
Doug McDermott,SF,IND,6984127,14317460,22000000,0,0,0,0,3,2021,75,26
Ike Anigbogu,C,IND,950000,2328242,3946762,0,0,0,0,3,2020,72,19
Myles Turner,C,IND,2357760,4821600,7391520,10801804,0,0,0,4,2019,80,22
Thaddeus Young,PF,IND,11235955,25389607,40185955,53950000,0,0,0,4,2019,76,30
TJ Leaf,PF,IND,2028360,4435920,0,0,0,0,0,2,2021,72,21
Tyreke Evans,SG,IND,12000000,0,0,0,0,0,0,1,2019,81,28
Victor Oladipo,SG,IND,21000000,42000000,63000000,84000000,0,0,0,4,2021,89,26
Avery Bradley,SG,LAC,12500000,25000000,0,0,0,0,0,2,2020,80,27
Boban Marjanovic,C,LAC,7000000,9847458,16847458,0,0,0,0,3,2019,77,29
C.J. Williams,SG,LAC,13824,1392066,3010586,0,0,0,0,3,2020,70,28
Danilo Gallinari,SF,LAC,20559599,42147178,64762737,0,0,0,0,3,2020,79,29
Jawun Evans,PG,LAC,815615,2193857,0,0,0,0,0,2,2020,67,21
Louis Williams,SG,LAC,8000000,16000000,24000000,0,0,0,0,3,2021,84,31
Marcin Gortat,C,LAC,10434782,21652173,33652173,46434782,60000000,0,0,5,2019,73,34
Mike Scott,PF,LAC,1893447,0,0,0,0,0,0,1,2019,71,30
Milos Teodosic,PG,LAC,6000000,12300000,0,0,0,0,0,2,2019,78,31
Patrick Beverley,PG,LAC,6486486,12486486,17999999,23027026,0,0,0,4,2019,78,29
Sam Dekker,SF,LAC,1646400,3366960,5161560,7921655,0,0,0,4,2019,71,24
Sindarius Thornwell,SG,LAC,815615,2193857,3812377,0,0,0,0,3,2020,66,23
Tobias Harris,SF,LAC,5364706,22564706,29073181,43873181,0,0,0,4,2019,81,25
Wesley Johnson,SF,LAC,5628000,11509260,17643780,0,0,0,0,3,2019,73,30
Brandon Ingram,SF,LAL,5281680,10801080,16558200,0,0,0,0,3,2020,82,20
Ivica Zubac,C,LAL,1034956,2347567,3892518,0,0,0,0,3,2019,71,21
JaVale McGee,C,LAL,2393887,0,0,0,0,0,0,1,2019,76,30
Josh Hart,SG,LAL,1394520,3049680,0,0,0,0,0,2,2021,74,23
Kentavious Caldwell-Pope,SG,LAL,12000000,0,0,0,0,0,0,1,2019,78,25
Kyle Kuzma,PF,LAL,1423560,3113400,0,0,0,0,0,2,2021,81,22
Lance Stephenson,SG,LAL,4449000,0,0,0,0,0,0,1,2019,77,27
LeBron James,SF,LAL,35654150,73091008,112310573,153312846,0,0,0,4,2022,98,33
Lonzo Ball,PG,LAL,6286560,13748520,0,0,0,0,0,2,2021,80,20
Luol Deng,SF,LAL,18000000,35190000,53190000,72000000,0,0,0,4,2020,73,33
Moritz Wagner,PF,LAL,1762080,3825600,0,0,0,0,0,2,2022,73,21
Rajon Rondo,PG,LAL,9000000,0,0,0,0,0,0,1,2019,81,32
Andrew Harrison,PG,MEM,945000,2257611,3802562,0,0,0,0,3,2019,71,23
Ben McLemore,SG,MEM,5200000,10660000,0,0,0,0,0,2,2019,70,25
Chandler Parsons,SF,MEM,22116750,45228754,69336012,94438523,0,0,0,4,2020,74,29
Deyonta Davis,C,MEM,1369229,2681840,4226791,0,0,0,0,3,2019,71,21
Dillon Brooks,SF,MEM,815615,2193857,3812377,0,0,0,0,3,2020,71,22
Ivan Rabb,PF,MEM,950000,2328242,0,0,0,0,0,2,2020,72,21
JaMychal Green,PF,MEM,8533333,16400000,0,0,0,0,0,2,2019,76,28
Jarell Martin,PF,MEM,1230840,2517000,3988382,6404604,0,0,0,4,2019,71,24
Jaren Jackson Jr.,PF,MEM,5915040,12842520,0,0,0,0,0,2,2022,77,18
Marc Gasol,C,MEM,19689000,40854675,63497025,87616050,113211750,0,0,5,2020,84,33
Mario Chalmers,PG,MEM,2106470,0,0,0,0,0,0,1,2019,71,32
MarShon Brooks,SG,MEM,51671,1707763,0,0,0,0,0,2,2019,62,29
Mike Conley,PG,MEM,26540100,55070708,85591823,118103446,152605576,0,0,5,2021,81,30
Omri Casspi,SF,MEM,2165481,0,0,0,0,0,0,1,2019,73,30
Wayne Selden,SG,MEM,1312611,2857562,0,0,0,0,0,2,2019,72,23
Derrick Jones Jr.,SF,MIA,1512601,3157958,0,0,0,0,0,2,2020,71,21
Dion Waiters,SG,MIA,11000000,22550000,34650000,47300000,0,0,0,4,2021,75,26
Edrice Adebayo,PF,MIA,2490360,5446200,0,0,0,0,0,2,2021,75,20
Goran Dragic,PG,MIA,14783000,30674725,47675175,65784350,85002250,0,0,5,2020,84,32
Hassan Whiteside,C,MIA,22116750,45892256,71326519,98419538,0,0,0,4,2020,83,29
James Johnson,PF,MIA,13954000,28605700,43955100,0,0,0,0,3,2021,77,31
Jordan Mickey,PF,MIA,1471382,0,0,0,0,0,0,1,2019,66,23
Josh Richardson,SG,MIA,9367200,19483776,30349728,41965056,0,0,0,4,2022,79,24
Justise Winslow,SF,MIA,2481720,5075160,7780200,11229126,0,0,0,4,2019,76,22
Kelly Olynyk,C,MIA,12007169,24544696,37612582,51210826,0,0,0,4,2021,77,27
Rodney McGruder,SG,MIA,543471,1856082,3401033,0,0,0,0,3,2019,68,26
Tyler Johnson,SG,MIA,5628000,11509260,30754630,50000000,0,0,0,4,2020,80,25
Brandon Jennings,PG,MIL,130911,2353714,0,0,0,0,0,2,2019,72,28
DJ Wilson,PF,MIL,2135040,4669320,0,0,0,0,0,2,2021,70,22
Eric Bledsoe,PG,MIL,13000000,26500000,40500000,53361582,68361582,0,0,5,2019,80,28
Ersan Ilyasova,PF,MIL,6666667,13666667,21000000,0,0,0,0,3,2021,74,31
Giannis Antetokounmpo,SF,MIL,22471910,46629213,72471910,100000000,0,0,0,4,2021,94,23
John Henson,PF,MIL,15267606,26440142,36767608,46250004,0,0,0,4,2020,80,27
Khris Middleton,SF,MIL,14700000,29900000,44000000,57000000,70000000,0,0,5,2020,85,26
Malcolm Brogdon,PG,MIL,925000,2237611,3782562,0,0,0,0,3,2019,78,25
Matthew Dellavedova,PG,MIL,9607500,19215000,28822500,38430000,0,0,0,4,2020,69,27
Sterling Brown,SG,MIL,815615,2193857,3812377,0,0,0,0,3,2020,70,23
Thon Maker,PF,MIL,2568600,5252760,8052480,0,0,0,0,3,2020,76,21
Tony Snell,SG,MIL,9821429,20428572,31821429,44000000,0,0,0,4,2021,76,36
Tyler Zeller,C,MIL,627796,2561737,0,0,0,0,0,2,2019,74,28
Andrew Wiggins,SG,MIN,25250000,52520000,81810000,113120000,146450000,0,0,4,2023,80,23
Anthony Tolliver,PF,MIN,5750000,0,0,0,0,0,0,1,2019,75,33
Derrick Rose,PG,MIN,2176260,0,0,0,0,0,0,1,2019,78,29
Gorgui Dieng,C,MIN,14112360,29283147,45512360,62800000,0,0,0,4,2021,75,28
Jamal Crawford,SG,MIN,4328000,8872400,0,0,0,0,0,2,2019,74,38
Jeff Teague,PG,MIN,19000000,38000000,57000000,0,0,0,0,3,2020,79,30
Jimmy Butler,SG,MIN,19857500,36863861,54410779,73102406,92944033,0,0,5,2020,89,28
Josh Okogie,SG,MIN,2160720,4691400,0,0,0,0,0,2,2022,71,19
Karl-Anthony Towns,C,MIN,5703600,11663760,17880600,25720035,0,0,0,4,2019,87,22
Nemanja Bjelica,PF,MIN,3950001,7750001,11700000,0,0,0,0,3,2018,72,30
Taj Gibson,PF,MIN,14000000,28000000,0,0,0,0,0,2,2019,76,33
Tyus Jones,PG,MIN,1282080,2621760,4093142,6537195,0,0,0,4,2019,74,22
Alexis Ajinca,C,NOP,4389607,9102810,14064608,19350002,0,0,0,4,2019,73,30
Anthony Davis,PF,NOP,22116750,45892256,71326519,98419538,127171313,0,0,5,2021,95,25
Cheick Diallo,C,NOP,543471,1856082,3401033,0,0,0,0,3,2019,67,21
Darius Miller,SF,NOP,2100000,4305000,0,0,0,0,0,2,2019,73,28
DeAndre Liggins,SG,NOP,588120,2383135,0,0,0,0,0,2,2019,72,30
E'Twaun Moore,SG,NOP,8081363,16526387,25335072,34000000,0,0,0,4,2020,73,29
Elfrid Payton,PG,NOP,2700000,0,0,0,0,0,0,1,2019,73,24
Emeka Okafor,C,NOP,592030,3037115,0,0,0,0,0,2,2019,70,35
Frank Jackson,PG,NOP,815615,2193857,3812377,0,0,0,0,3,2020,68,20
Jrue Holiday,PG,NOP,25686667,51847778,78743889,104905000,131955000,0,0,5,2022,84,28
Julius Randle,PF,NOP,8641000,17714050,0,0,0,0,0,2,2020,83,23
Nikola Mirotic,PF,NOP,4872881,17372881,0,0,0,0,0,2,2019,76,27
Solomon Hill,SF,NOP,11241218,23477753,36230681,49489462,0,0,0,4,2020,71,27
Courtney Lee,SG,NYK,11242000,22989890,35243670,48003340,0,0,0,4,2020,72,32
Damyean Dotson,SG,NYK,1100000,2478242,4096762,0,0,0,0,3,2020,69,24
Emmanuel Mudiay,PG,NYK,3102240,6344040,7547618,11842098,0,0,0,4,2019,72,22
Enes Kanter,C,NYK,16407500,33553338,54120139,72742652,0,0,0,4,2019,79,26
Frank Ntilikina,PG,NYK,3501120,7656840,0,0,0,0,0,2,2021,72,19
Joakim Noah,C,NYK,17000000,34765000,53295000,72590000,0,0,0,4,2020,67,33
Kristaps Porzingis,PF,NYK,4131720,8449440,12953040,18650094,0,0,0,4,2019,88,22
Kyle O'Quinn,C,NYK,3750000,7668750,11756250,16012500,0,0,0,4,2019,71,28
Lance Thomas,SF,NYK,6191000,12846325,19965975,27549950,0,0,0,4,2020,75,30
Luke Kornet,C,NYK,1619260,0,0,0,0,0,0,1,2019,73,22
Mario Hezonja,SG,NYK,6500000,0,0,0,0,0,0,1,2019,73,23
Ron Baker,SG,NYK,4328000,8872400,0,0,0,0,0,2,2019,76,25
Tim Hardaway Jr.,SG,NYK,16500000,33825000,51975000,70950000,0,0,0,4,2021,74,26
Trey Burke,PG,NYK,784160,2579175,0,0,0,0,0,2,2019,74,25
Troy Williams,SF,NYK,222476,1767427,0,0,0,0,0,2,2019,73,23
Alex Abrines,SG,OKC,5994764,11719764,17175000,0,0,0,0,3,2019,72,25
Andre Roberson,SG,OKC,9259260,19259260,30000000,0,0,0,0,3,2020,80,26
Carmelo Anthony,SF,OKC,22458401,45333401,69892781,96136541,124064681,0,0,5,2019,76,34
Dakari Johnson,C,OKC,815615,2193857,0,0,0,0,0,2,2019,63,22
Jerami Grant,SF,OKC,8333333,17333333,27000000,0,0,0,0,3,2021,72,24
Kyle Singler,SF,OKC,4500000,9337500,14004000,19000000,0,0,0,4,2020,65,30
Nerlens Noel,C,OKC,1621415,3466716,0,0,0,0,0,2,2020,75,24
Patrick Patterson,PF,OKC,5192000,10643600,16354800,0,0,0,0,3,2020,75,29
Paul George,SF,OKC,30560700,63566256,99016668,136911936,0,0,0,4,2022,90,28
Raymond Felton,PG,OKC,2328652,0,0,0,0,0,0,1,2018,74,34
Russell Westbrook,PG,OKC,35350000,73528000,114534000,158368000,205030000,0,0,5,2023,90,29
Steven Adams,C,OKC,22471910,46629213,72471910,100000000,0,0,0,4,2021,83,24
Terrance Ferguson,SG,OKC,1785000,3903840,0,0,0,0,0,2,2021,68,20
Aaron Gordon,PF,ORL,18750000,39000000,60750000,84000000,0,0,0,4,2022,83,22
Bismack Biyombo,C,ORL,17000000,34000000,51000000,68000000,0,0,0,4,2020,74,25
D.J. Augustin,PG,ORL,7250000,14500000,21750000,29000000,0,0,0,4,2020,72,30
Evan Fournier,SG,ORL,17000000,34000000,51000000,68000000,85000000,0,0,5,2021,82,25
Jonathan Isaac,SF,ORL,4186320,9155400,0,0,0,0,0,2,2020,74,20
Jonathon Simmons,SF,ORL,6300000,12300000,18000000,0,0,0,0,3,2020,79,28
Khem Birch,C,ORL,815615,2193857,0,0,0,0,0,2,2019,64,25
Mohamed Bamba,C,ORL,4865040,10562640,0,0,0,0,0,2,2022,78,20
Nikola Vucevic,C,ORL,11250000,23000000,35250000,48000000,0,0,0,4,2019,80,27
Rodney Purvis,G,ORL,69120,1447362,0,0,0,0,0,2,2019,67,24
Terrence Ross,SG,ORL,3411765,13911765,24411765,0,0,0,0,3,2019,76,27
Wesley Iwundu,SG,ORL,1050000,2428242,4046762,0,0,0,0,3,2020,70,23
Amir Johnson,PF,PHI,11000000,0,0,0,0,0,0,1,2018,78,31
Ben Simmons,PG,PHI,5903160,12072000,18506520,0,0,0,0,3,2020,85,21
Dario Saric,SF,PHI,2318280,4740840,7267680,0,0,0,0,3,2020,80,24
Furkan Korkmaz,SG,PHI,1225520,2691440,4431440,0,0,0,0,2,2021,69,20
J.J. Redick,SG,PHI,13000000,0,0,0,0,0,0,1,2019,79,34
Jerryd Bayless,PG,PHI,9424084,18424084,27000000,0,0,0,0,3,2019,71,29
Joel Embiid,C,PHI,25250000,52520000,81810000,113120000,146450000,0,0,5,2023,89,24
Justin Anderson,SG,PHI,1449000,1885434,3464874,5980922,0,0,0,4,2019,71,24
Markelle Fultz,PG,PHI,7026240,15366120,0,0,0,0,0,2,2021,74,20
Richaun Holmes,PF,PHI,1074169,2100000,3571382,5171902,0,0,0,4,2019,73,24
Robert Covington,SF,PHI,10464092,21765311,33903656,46879127,0,0,0,4,2022,81,27
T.J. McConnell,PG,PHI,525093,1399729,2871111,4471631,0,0,0,4,2019,76,26
Timothe Luwawu-Cabarrot,SG,PHI,1326960,2713560,4159920,0,0,0,0,3,2020,72,23
Wilson Chandler,SF,PHI,10449438,21682584,33699438,46500000,0,0,0,4,2019,74,31
Zhaire Smith,SF,PHI,2611800,5670600,0,0,0,0,0,2,2022,74,19
Brandon Knight,PG,PHX,13500000,26106250,39725000,54356250,70000000,0,0,5,2020,79,26
Davon Reed,SG,PHX,815615,2193857,3812377,5565327,0,0,0,4,2021,67,23
Deandre Ayton,C,PHX,8165160,17728080,0,0,0,0,0,2,2022,82,19
Devin Booker,SG,PHX,2127840,4351440,6670800,9985165,0,0,0,4,2019,87,21
Dragan Bender,PF,PHX,4276320,8745120,13406400,0,0,0,0,3,2020,70,20
Jared Dudley,SF,PHX,10470000,20470000,30000000,0,0,0,0,3,2019,72,32
Josh Jackson,SF,PHX,5090040,11131560,0,0,0,0,0,2,2021,79,21
Marquese Chriss,PF,PHX,2941440,6015240,9221400,0,0,0,0,3,2020,75,21
Mikal Bridges,SF,PHX,3552960,7713960,0,0,0,0,0,2,2022,74,21
Shaquille Harrison,G,PHX,175000,1553242,0,0,0,0,0,2,2019,62,24
T.J. Warren,SF,PHX,11750000,22560000,34310000,47000000,0,0,0,4,2022,81,24
Trevor Ariza,SF,PHX,15000000,0,0,0,0,0,0,1,2019,81,33
Troy Daniels,SG,PHX,3332940,6741460,10000009,0,0,0,0,3,2019,71,26
Tyson Chandler,C,PHX,13000000,25415000,38415000,52000000,0,0,0,4,2019,73,35
Al-Farouq Aminu,SF,POR,8042895,15723860,23042895,30000000,0,0,0,4,2019,78,27
Anfernee Simons,SG,POR,1835520,3985080,0,0,0,0,0,2,2022,69,19
C.J. McCollum,SG,POR,23962572,49722338,77279297,106633449,0,0,0,4,2021,86,26
Caleb Swanigan,PF,POR,1465920,3205920,0,0,0,0,0,2,2021,71,21
Damian Lillard,PG,POR,24328425,50481482,78459171,108261492,139888445,0,0,5,2021,89,27
Evan Turner,SG,POR,16393443,33524591,51393443,70000000,0,0,0,4,2020,75,29
Georgios Papagiannis,C,POR,185397,1730348,0,0,0,0,0,2,2019,70,20
Jake Layman,SF,POR,600000,1912611,3457562,0,0,0,0,3,2019,70,24
Maurice Harkless,SF,POR,9488764,19651685,30488764,42000000,0,0,0,4,2020,68,25
Meyers Leonard,PF,POR,9213483,19117977,29713483,41000000,0,0,0,4,2020,67,26
Nik Stauskas,SG,POR,1621415,0,0,0,0,0,0,1,2019,73,24
Seth Curry,SG,POR,2750000,5500000,0,0,0,0,0,2,2020,77,27
Zach Collins,C,POR,3057240,6686160,0,0,0,0,0,2,2021,71,20
Bogdan Bogdanovic,SG,SAC,9470614,18470614,27000000,0,0,0,0,3,2020,79,25
Buddy Hield,SG,SAC,1075849,4751329,8585089,0,0,0,0,3,2020,76,24
De'Aaron Fox,PG,SAC,4609200,10080120,0,0,0,0,0,2,2021,76,20
Frank Mason,PG,SAC,1184385,2562627,4181147,0,0,0,0,3,2020,75,24
Garrett Temple,SG,SAC,8000000,16000000,24000000,0,0,0,0,3,2019,75,32
Harry Giles,PF,SAC,1859400,4066440,0,0,0,0,0,2,2021,75,20
Iman Shumpert,SG,SAC,8988764,18651685,22330984,33342220,0,0,0,4,2019,73,28
Justin Jackson,SF,SAC,2365560,5173440,0,0,0,0,0,2,2021,73,23
Kosta Koufos,C,SAC,7700000,15746500,24139500,32879000,0,0,0,4,2019,68,29
Marvin Bagley III,PF,SAC,7305600,15861720,0,0,0,0,0,2,2022,81,19
Nigel Hayes,PF,SAC,55296,1433538,0,0,0,0,0,2,2019,68,23
Skal Labissiere,PF,SAC,1188840,2501451,4046402,0,0,0,0,3,2020,72,22
Willie Cauley-Stein,C,SAC,3398280,6949440,10653600,15350475,0,0,0,4,2019,75,25
Zach Randolph,PF,SAC,12307692,24000000,0,0,0,0,0,2,2019,73,36
Brandon Paul,SG,SAS,815615,2193857,0,0,0,0,0,2,2019,71,27
Danny Green,SG,SAS,10000000,20000000,30000000,40000000,0,0,0,4,2019,74,31
Dejounte Murray,PG,SAS,1180080,2492691,4037642,0,0,0,0,3,2020,78,21
Derrick White,PG,SAS,1404600,3071760,0,0,0,0,0,2,2021,66,24
Joffrey Lauvergne,PF,SAS,1524305,3180397,0,0,0,0,0,2,2019,74,26
Kawhi Leonard,SF,SAS,16407500,34045563,52914188,73013376,94343126,0,0,5,2020,92,27
LaMarcus Aldridge,PF,SAS,19689000,40264005,61725015,84072030,0,0,0,4,2021,85,32
Manu Ginobili,SG,SAS,2500000,5000000,0,0,0,0,0,2,2019,72,40
Marco Belinelli,SG,SAS,6000000,12000000,0,0,0,0,0,2,2020,77,32
Patrick Mills,PG,SAS,10714286,23142857,36428571,49714285,0,0,0,4,2021,79,29
Pau Gasol,PF,SAS,16000000,32000000,48000000,0,0,0,0,3,2020,76,37
Rudy Gay,SF,SAS,10087200,0,0,0,0,0,0,1,2019,79,31
Alfonzo McKinnie,PF,TOR,815615,2193857,0,0,0,0,0,2,2019,71,25
C.J. Miles,SF,TOR,7936508,16269841,25000000,0,0,0,0,3,2020,76,31
Delon Wright,PG,TOR,1509360,3086640,4731840,7268738,0,0,0,4,2019,72,26
DeMar DeRozan,SG,TOR,26540100,54280075,82020050,109760025,137500000,0,0,5,2021,90,28
Fred VanVleet,PG,TOR,8838000,18117900,0,0,0,0,0,2,2020,79,24
Jakob Poeltl,C,TOR,2703960,5529600,8476920,0,0,0,0,3,2020,68,22
Jonas Valanciunas,C,TOR,14382022,29842696,46382022,64000000,0,0,0,4,2020,82,26
Kyle Lowry,PG,TOR,28703704,59703704,93000000,0,0,0,0,3,2020,87,32
Malachi Richardson,SG,TOR,1439880,1975401,3544761,0,0,0,0,3,2020,73,22
Norman Powell,SG,TOR,9367200,19483776,30349728,41965056,0,0,0,4,2022,76,25
OG Anunoby,SF,TOR,1645200,3597960,0,0,0,0,0,2,2021,76,20
Pascal Siakam,PF,TOR,1196040,2508651,4053602,0,0,0,0,3,2020,74,24
Serge Ibaka,PF,TOR,20061728,41728395,65000000,0,0,0,0,3,2020,82,28
Alec Burks,SG,UTH,9463484,19617979,30463485,42000000,0,0,0,4,2019,74,26
Dante Exum,PG,UTH,11000000,22000000,33000000,0,0,0,0,3,2021,73,22
Derrick Favors,PF,UTH,18000000,36000000,0,0,0,0,0,2,2020,81,26
Donovan Mitchell,SG,UTH,2621280,5732760,0,0,0,0,0,2,2021,83,21
Ekpe Udoh,PF,UTH,3200000,6560000,0,0,0,0,0,2,2019,74,30
Grayson Allen,SG,UTH,2074320,4503720,0,0,0,0,0,2,2022,69,22
Jae Crowder,SF,UTH,6796117,13082525,15501482,22807307,30622840,0,0,5,2020,78,28
Joe Ingles,SF,UTH,14136364,27181819,39136365,50000002,0,0,0,4,2021,80,30
Jonas Jerebko,PF,UTH,4000000,8200000,0,0,0,0,0,2,2019,75,31
Raul Neto,PG,UTH,2750000,5720000,0,0,0,0,0,2,2020,72,26
Ricky Rubio,PG,UTH,12700000,26275000,40550000,55525000,0,0,0,4,2019,79,27
Royce O'Neale,SF,UTH,815615,2193857,3812377,0,0,0,0,3,2020,65,25
Rudy Gobert,C,UTH,21974719,45466292,70474719,97000000,0,0,0,4,2021,87,26
Thabo Sefolosha,SF,UTH,5250000,10500000,0,0,0,0,0,2,2019,73,34
Tony Bradley,C,UTH,1414920,3094440,0,0,0,0,0,2,2021,64,20
Austin Rivers,SG,WAS,11000000,22825000,35475000,0,0,0,0,3,2019,75,27
Bradley Beal,SG,WAS,22116750,45892256,71326519,98419538,127171313,0,0,5,2021,83,25
Ian Mahinmi,C,WAS,15944154,32605795,48549949,64000000,0,0,0,4,2020,72,31
Jason Smith,PF,WAS,5000000,10225000,15675000,0,0,0,0,3,2019,71,32
Jeff Green,SF,WAS,2393887,0,0,0,0,0,0,1,2019,78,31
Jodie Meeks,SG,WAS,3290000,6744500,0,0,0,0,0,2,2019,73,30
John Wall,PG,WAS,37800000,78624000,122472000,169344000,0,0,0,4,2023,88,27
Kelly Oubre,SF,WAS,1920240,3926880,6019920,9228550,0,0,0,4,2019,74,22
Markieff Morris,PF,WAS,2588235,9988235,17988235,26588235,0,0,0,4,2019,75,28
Otto Porter Jr.,SF,WAS,24773250,50785163,78035738,106524976,0,0,0,4,2021,82,25
Thomas Bryant,C,WAS,815615,2193857,0,0,0,0,0,2,2019,68,20
Tomas Satoransky,SG,WAS,2870813,5870813,9000000,0,0,0,0,3,2019,78,26
Troy Brown Jr.,SF,WAS,2749080,5968560,0,0,0,0,0,2,2022,70,18